name,url,price,texture
Bulbasaur (#1),,1,eyJ0ZXh0dXJlcyI6eyJTS0lOIjp7InVybCI6Imh0dHA6Ly90ZXh0dXJlcy5taW5lY3JhZnQubmV0L3RleHR1cmUvM2M5MTY5YmYyNGViYTNiNGFkNWVkOGI1ZTMzOGIxMzI4OWNjNTc0NGU4NTU4NmVkMzVlMDk2OTJmM2FhODc3MiJ9fX0=
Ivysaur (#2),https://minecraft-heads.com/custom-heads/monsters/34459-ivysaur-002,1,eyJ0ZXh0dXJlcyI6eyJTS0lOIjp7InVybCI6Imh0dHA6Ly90ZXh0dXJlcy5taW5lY3JhZnQubmV0L3RleHR1cmUvYTg3ZDhmMGEzYmUyNzY2OTMzOWM5YzJjZjNjOTA4OGIyODNjODQ1MTZjMDkwMWYzZTg1Yzc1ZGUyY2Q5MWFmMCJ9fX0=
Venusaur (#3),,1,eyJ0ZXh0dXJlcyI6eyJTS0lOIjp7InVybCI6Imh0dHA6Ly90ZXh0dXJlcy5taW5lY3JhZnQubmV0L3RleHR1cmUvNDMyMmM2Y2NkMmRiNjliNmYwYzE0NTY0YTE0MmNkZGFiZTk0ZjIzY2E3MjljYTc2NzU3YjMxMTJmNDE0M2ZhOCJ9fX0=
Charmander (#4),https://minecraft-heads.com/custom-heads/monsters/35752-charmander-4,1,eyJ0ZXh0dXJlcyI6eyJTS0lOIjp7InVybCI6Imh0dHA6Ly90ZXh0dXJlcy5taW5lY3JhZnQubmV0L3RleHR1cmUvMzQ5YTkxN2IyMzUzNmMzYWVjMDVlY2UxZjQ1MjUxOWU0YTU1OWVhYTg1MjQxOWU4YTgwNTY3MzU1OWM0YjA0ZSJ9fX0=
Charmeleon (#5),https://minecraft-heads.com/custom-heads/monsters/20057-charmeleon-5,1,eyJ0ZXh0dXJlcyI6eyJTS0lOIjp7InVybCI6Imh0dHA6Ly90ZXh0dXJlcy5taW5lY3JhZnQubmV0L3RleHR1cmUvNzVkY2FhNjZkNTdjNjkyNGU4MzIwZGI5MTU1ZDdhNDU5ZTVlMzEzOTZjNThkYjRkMDA0NWI5NzNmYjZlZGI3NCJ9fX0=
Charizard (#6),https://minecraft-heads.com/custom-heads/monsters/5712-charizard-6,1,eyJ0ZXh0dXJlcyI6eyJTS0lOIjp7InVybCI6Imh0dHA6Ly90ZXh0dXJlcy5taW5lY3JhZnQubmV0L3RleHR1cmUvZjdjYmE1YjY4ZWU3YWM5YjkzZGM0ZjY4NGM1MjhjNWVmZDdlNzhjNmFjNzdjZWZkMTExMWJhZTZjZGM4NGYifX19
Squirtle (#7),https://minecraft-heads.com/custom-heads/monsters/11425-squirtle-7,1,eyJ0ZXh0dXJlcyI6eyJTS0lOIjp7InVybCI6Imh0dHA6Ly90ZXh0dXJlcy5taW5lY3JhZnQubmV0L3RleHR1cmUvYjc4NTY0NWMzN2RjNzYyY2YzMzQ0Mzc0NGE1ZTk0Y2JiOTkyNzdjZWRhZGVkNDRlNDA5YzE5YmYyMmMifX19
Wartortle (#8),https://minecraft-heads.com/custom-heads/monsters/13868-wartortle-8,1,eyJ0ZXh0dXJlcyI6eyJTS0lOIjp7InVybCI6Imh0dHA6Ly90ZXh0dXJlcy5taW5lY3JhZnQubmV0L3RleHR1cmUvYTk2NjM2NDljM2ZjZDg0NjU1MDMxN2QzMjQ0YmU1MzhkYmFkOGNiMmI0ZWMyMjk1YTc3ODlmNzhlZTZiODgifX19
Blastoise (#9),https://minecraft-heads.com/custom-heads/monsters/5692-blastoise-9,1,eyJ0ZXh0dXJlcyI6eyJTS0lOIjp7InVybCI6Imh0dHA6Ly90ZXh0dXJlcy5taW5lY3JhZnQubmV0L3RleHR1cmUvYjE2MWJmNjNmMjNiM2U3Zjc1NDFiNmZiYzgzZGM5ZDIxNjhlY2ExOTNjMWMxYWI0Y2M2ZWRlZGY0ZTMzZSJ9fX0=
Caterpie (#10),https://minecraft-heads.com/custom-heads/monsters/5710-caterpie-10,1,eyJ0ZXh0dXJlcyI6eyJTS0lOIjp7InVybCI6Imh0dHA6Ly90ZXh0dXJlcy5taW5lY3JhZnQubmV0L3RleHR1cmUvOGFhMjUzZmFkZDg5N2E2YTE5YWFkMzk1OWM0NGZiNGNlYWM1YThjYTU4OGYxMGU1MmVjOGNmYmI0MTQ0YzZkIn19fQ==
Metapod (#11),https://minecraft-heads.com/custom-heads/monsters/13867-metapod-11,1,eyJ0ZXh0dXJlcyI6eyJTS0lOIjp7InVybCI6Imh0dHA6Ly90ZXh0dXJlcy5taW5lY3JhZnQubmV0L3RleHR1cmUvYTFlZWUyYWNlOGI0YTg5NTcyYmQxYTU3ZDQ3ZmMxOTI3Yjg5YWJkNjBjYzc5Y2I4Yzc3ZmFhNzQ1ODE0NGUifX19
Butterfree (#12),https://minecraft-heads.com/custom-heads/monsters/5709-butterfree-12,1,eyJ0ZXh0dXJlcyI6eyJTS0lOIjp7InVybCI6Imh0dHA6Ly90ZXh0dXJlcy5taW5lY3JhZnQubmV0L3RleHR1cmUvNWUyYTUzYzI3ZjcyZmY4NDc5NTI0NWJhZDIzMjk4ZDhhNTlhMDYxM2RlZmJlZDYyNjM1M2ZjNjZhOTViIn19fQ==
Weedle (#13),,1,eyJ0ZXh0dXJlcyI6eyJTS0lOIjp7InVybCI6Imh0dHA6Ly90ZXh0dXJlcy5taW5lY3JhZnQubmV0L3RleHR1cmUvYTc4ZmEwZTI2NzMxNmYwZmIzZjJkYTFlMGY2MThkMWE1MDk0OWRjZWFhZWExYjlkYTdkMWYwMjQ3OWUyYWFhNCJ9fX0=
Kakuna (#14),,1,eyJ0ZXh0dXJlcyI6eyJTS0lOIjp7InVybCI6Imh0dHA6Ly90ZXh0dXJlcy5taW5lY3JhZnQubmV0L3RleHR1cmUvOWUwN2MzYzdmMzgzODgzMjZhNDdmMjk3OGQ4Y2U4OGY3YTE2MDRkZDMwYTcyMzE2MWVlOWVlMWUxZDBmOTg0NiJ9fX0=
Beedrill (#15),https://minecraft-heads.com/custom-heads/monsters/5708-beedrill-15,1,eyJ0ZXh0dXJlcyI6eyJTS0lOIjp7InVybCI6Imh0dHA6Ly90ZXh0dXJlcy5taW5lY3JhZnQubmV0L3RleHR1cmUvYWM0OGNhMWNlNDQ3YzFkYWEzOTliNGRlNjNiYjE5MDY2N2Y4ODdjYWY2ZTNlOGVkNTM3ZjA5MGE1ZmI2NGI4In19fQ==
Pidgey (#16),https://minecraft-heads.com/custom-heads/animals/5725-pidgey-16,1,eyJ0ZXh0dXJlcyI6eyJTS0lOIjp7InVybCI6Imh0dHA6Ly90ZXh0dXJlcy5taW5lY3JhZnQubmV0L3RleHR1cmUvMDE2ZjU5NWU4ZjY3OTFiYzE1NDY1OWE4OTc2ZjZhOGZmZDk4NDdjZjc1YTJiZjYzOTkyZTNhNjU1ZTAifX19
Pidgeotto (#17),https://minecraft-heads.com/custom-heads/monsters/11427-pidgeotto-17,1,eyJ0ZXh0dXJlcyI6eyJTS0lOIjp7InVybCI6Imh0dHA6Ly90ZXh0dXJlcy5taW5lY3JhZnQubmV0L3RleHR1cmUvMWY0ODQyMTc0ODViZTE3ZTg0MmZlNTRiNjJhNWNiYWFlOTVhODdjZTkwYmEzZjI1NjE5Mjk3NGUxMzI2M2VhIn19fQ==
Pidgeot (#18),https://minecraft-heads.com/custom-heads/monsters/5724-pidgeot-18,1,eyJ0ZXh0dXJlcyI6eyJTS0lOIjp7InVybCI6Imh0dHA6Ly90ZXh0dXJlcy5taW5lY3JhZnQubmV0L3RleHR1cmUvMjZjOTZhZWY2NTU4ZjI5YjI0N2JjOGUzOGQ5MzIwNjE0M2YxMzE0NDc1YzVmY2QxMWUyZWZjYzVkYjU1ZTg1In19fQ==
Rattata (#19),https://minecraft-heads.com/custom-heads/monsters/44417-rattata-019,1,eyJ0ZXh0dXJlcyI6eyJTS0lOIjp7InVybCI6Imh0dHA6Ly90ZXh0dXJlcy5taW5lY3JhZnQubmV0L3RleHR1cmUvYTA2M2Y1NTAyNThlMmEzZDJhN2Q0ZTZiYTUxN2QxOGY2NGNiODAwNmMwZDU2NTVjZmIxNjk1Y2VjYzY2NjYwNSJ9fX0=
Raticate (#20),,1,eyJ0ZXh0dXJlcyI6eyJTS0lOIjp7InVybCI6Imh0dHA6Ly90ZXh0dXJlcy5taW5lY3JhZnQubmV0L3RleHR1cmUvNDIxNGQ5MzA0ZGY1NWY3MjBmOTg2OGI4ZTJlOGNmYzM5NDJkNDVhN2M5MWNmOWY0ODcxN2M4MzdmZThmMjcwYyJ9fX0=
Spearow (#21),https://minecraft-heads.com/custom-heads/monsters/22885-spearow-21,1,eyJ0ZXh0dXJlcyI6eyJTS0lOIjp7InVybCI6Imh0dHA6Ly90ZXh0dXJlcy5taW5lY3JhZnQubmV0L3RleHR1cmUvMmUyZDc5NzkzYTJkMzE4Nzk0NWRiY2ZkY2E3MzEyYjNkMjY3M2FmYTE3OTliNWMxMzgyZTVjZDRjNDhkZTQ2MiJ9fX0=
Fearow (#22),,1,eyJ0aW1lc3RhbXAiOjE0ODMyNDUzMjk5NzEsInByb2ZpbGVJZCI6ImIwZDRiMjhiYzFkNzQ4ODlhZjBlODY2MWNlZTk2YWFiIiwicHJvZmlsZU5hbWUiOiJJbnZlbnRpdmVHYW1lcyIsInNpZ25hdHVyZVJlcXVpcmVkIjp0cnVlLCJ0ZXh0dXJlcyI6eyJTS0lOIjp7InVybCI6Imh0dHA6Ly90ZXh0dXJlcy5taW5lY3JhZnQubmV0L3RleHR1cmUvNmU4OGY4ZDE0MzhiNmY2ZGFlYTdiZmFlZTlkOGFhNGE4MzhkNjNlMjU0ZDkyZmQxMzRiM2M0OTdmZDU5NDkifX19
Ekans (#23),,1,eyJ0ZXh0dXJlcyI6eyJTS0lOIjp7InVybCI6Imh0dHA6Ly90ZXh0dXJlcy5taW5lY3JhZnQubmV0L3RleHR1cmUvMWIzZjk3OTIwNDExZjczZjcyN2ZmY2NiZmUyYjJjZjEyYzBjZTgxNjYwYmU2ZDlkZjQ5NzE0MThkNzc3M2YwZiJ9fX0=
Arbok (#24),,1,eyJ0ZXh0dXJlcyI6eyJTS0lOIjp7InVybCI6Imh0dHA6Ly90ZXh0dXJlcy5taW5lY3JhZnQubmV0L3RleHR1cmUvNThmZjIyYzQwYjAyZjMzZGQ4NWI2NGY5MDZlYzQxZjYzMjNiMWIzMTgwYzBmNDI4ZTgxOTVjMTFjMWI2ZjViMyJ9fX0=
Pikachu (#25),https://minecraft-heads.com/custom-heads/monsters/33784-pikachu-25,1,eyJ0ZXh0dXJlcyI6eyJTS0lOIjp7InVybCI6Imh0dHA6Ly90ZXh0dXJlcy5taW5lY3JhZnQubmV0L3RleHR1cmUvNjdlNWZlNGU2NThmNjhlNTYxNGUwYTg3ZTYzMzNmMDJiZjBhNWFjMjFmYTFkOGY0NjM5NjI2MmY1YTBmYTljZSJ9fX0=
Raichu (#26),https://minecraft-heads.com/custom-heads/monsters/5701-raichu-26,1,eyJ0ZXh0dXJlcyI6eyJTS0lOIjp7InVybCI6Imh0dHA6Ly90ZXh0dXJlcy5taW5lY3JhZnQubmV0L3RleHR1cmUvYWJmNTIzZjJiZDkwYjNmZjE5NDQ1MTViNmEzMjQzMzhhYWQ0N2VhMWYyY2U5M2Y4MmQ1NTY0YzRjOWFkZTcxIn19fQ==
Sandshrew (#27),https://minecraft-heads.com/custom-heads/monsters/35727-sandshrew-27,1,eyJ0ZXh0dXJlcyI6eyJTS0lOIjp7InVybCI6Imh0dHA6Ly90ZXh0dXJlcy5taW5lY3JhZnQubmV0L3RleHR1cmUvZGRhMzdkNDgyYTI5Y2IzOWM1NTI1YjMzYjIyNTc4Njg0ZDAwMDljOGNhZjQ5YWVlNDljZTI0YThlYWQ5OTdjMSJ9fX0=
Sandslash (#28),https://minecraft-heads.com/custom-heads/monsters/35748-sandslash-28,1,eyJ0ZXh0dXJlcyI6eyJTS0lOIjp7InVybCI6Imh0dHA6Ly90ZXh0dXJlcy5taW5lY3JhZnQubmV0L3RleHR1cmUvZTQ3NGU1OTYzYjQ2ODY1ZGIyN2IxMTJlM2UyNjM3ZDY0NGI2MzhjMDk3YmZjYzRhNTY4Y2IwOWZhYzAzY2QyNSJ9fX0=
Nidoran female (#29),https://minecraft-heads.com/custom-heads/monsters/22883-nidoran-female-29,1,eyJ0ZXh0dXJlcyI6eyJTS0lOIjp7InVybCI6Imh0dHA6Ly90ZXh0dXJlcy5taW5lY3JhZnQubmV0L3RleHR1cmUvYTNjNzQ2MTZmN2I3ZWE2MTM1MTg4Yzg3ZmZhNmY0YWNjNmM2ZTdmOTRjZDFjMTEzMDlkN2U5OGQ4ZTEwOGJiMCJ9fX0=
Nidorina (#30),,1,eyJ0ZXh0dXJlcyI6eyJTS0lOIjp7InVybCI6Imh0dHA6Ly90ZXh0dXJlcy5taW5lY3JhZnQubmV0L3RleHR1cmUvMzI4NGY4N2VjZjhkODNlNDc2YTYzMDU2OThkMWJjODAzMjNlZDg1ZDYzNmUwNTE2YjE3YmY5NmZmNzhiODQxNyJ9fX0=
Nidoqueen (#31),https://minecraft-heads.com/custom-heads/monsters/37312-nidoqueen-031,1,eyJ0ZXh0dXJlcyI6eyJTS0lOIjp7InVybCI6Imh0dHA6Ly90ZXh0dXJlcy5taW5lY3JhZnQubmV0L3RleHR1cmUvODhiZGMwN2U5NjQ5NDQ4Zjg4Njk0NGRkNmMwYmM5YWJkYzFjYWMxZmEwMmY2NjMzNzExNmExNWZlZmNlZDBjYSJ9fX0=
Nidoran male (#32),,1,eyJ0ZXh0dXJlcyI6eyJTS0lOIjp7InVybCI6Imh0dHA6Ly90ZXh0dXJlcy5taW5lY3JhZnQubmV0L3RleHR1cmUvYzBhZjkyNjJhZThmNGE5Zjk2MjhhOTc2MjZiMTVkMTQ2MDYxOGJkZmNkMGYwMjVlODQ4ZTEzMDZhNmEzYzIwYyJ9fX0=
Nidorino (#33),,1,eyJ0ZXh0dXJlcyI6eyJTS0lOIjp7InVybCI6Imh0dHA6Ly90ZXh0dXJlcy5taW5lY3JhZnQubmV0L3RleHR1cmUvODJlNzJlZjBhOTY2OTQ3MDZkZDBkMWFlMDFhNTZmOGIwMDM1ZmE3OWE4OWU2OTUyMjZiNDAzYzIzMGVkYWQyMCJ9fX0=
Nidoking (#34),https://www.minecraftskins.com/skin/14541410/nidoking/,1,eyJ0ZXh0dXJlcyI6eyJTS0lOIjp7InVybCI6Imh0dHA6Ly90ZXh0dXJlcy5taW5lY3JhZnQubmV0L3RleHR1cmUvYmU0OTc5Mjg3MzRjNzVkMWNjODFkNDEyOTBkNjM5OTA1YWJhODAyYmQ1Njg1YzY0M2UwY2FhMmM0ZTFlZWUwMiJ9fX0=
Clefairy (#35),,1,eyJ0ZXh0dXJlcyI6eyJTS0lOIjp7InVybCI6Imh0dHA6Ly90ZXh0dXJlcy5taW5lY3JhZnQubmV0L3RleHR1cmUvMWEzNmRiOWZlMzZiM2U1MjcwYzc5NTEzMGJhOWYxOWFmNTUxM2IwMTIzMTAzZjRmYzlkOTMxYjZkOGJkNjMyYiJ9fX0=
Clefable (#36),https://minecraft.novaskin.me/skin/4988915/Clefable,1,ewogICJ0aW1lc3RhbXAiIDogMTY0MjE2MDU5ODE5OSwKICAicHJvZmlsZUlkIiA6ICIyNzZlMDQ2YjI0MDM0M2VkOTk2NmU0OTRlN2U2Y2IzNCIsCiAgInByb2ZpbGVOYW1lIiA6ICJBRFJBTlM3MTAiLAogICJzaWduYXR1cmVSZXF1aXJlZCIgOiB0cnVlLAogICJ0ZXh0dXJlcyIgOiB7CiAgICAiU0tJTiIgOiB7CiAgICAgICJ1cmwiIDogImh0dHA6Ly90ZXh0dXJlcy5taW5lY3JhZnQubmV0L3RleHR1cmUvZmE5OTg2OTIzNmQ0OWUzOGZhNzQzZjQwMDZhYTg3ZTRlMjY2MGYwOGIzMDgzOTcxMTA0MmU2MzFhOWM2OWRiZSIKICAgIH0KICB9Cn0=z
Vulpix (#37),https://minecraft-heads.com/custom-heads/monsters/5659-vulpix-37,1,eyJ0ZXh0dXJlcyI6eyJTS0lOIjp7InVybCI6Imh0dHA6Ly90ZXh0dXJlcy5taW5lY3JhZnQubmV0L3RleHR1cmUvOTJiNzY0YTczMTdlOTAxYzdiZDhjMjQ4Y2QxMzg3ZTZhZjZiYzgzMzViODlkOTIzZjYxOGY4ZmViYmZiOTUifX19
Ninetales (#038),https://minecraft-heads.com/custom-heads/monsters/37315-ninetales-038,1,eyJ0ZXh0dXJlcyI6eyJTS0lOIjp7InVybCI6Imh0dHA6Ly90ZXh0dXJlcy5taW5lY3JhZnQubmV0L3RleHR1cmUvZGRjYTU4YTgzNGQyZjM5YWFkZDBkNjMwMjZhMzRkNDIxZDNiYTU5ZTMwYTM2NTgwMTcyZTk0M2Y3NThjZDEyZSJ9fX0=
Jigglypuff (#039),https://minecraft-heads.com/custom-heads/monsters/45078-jigglypuff-039,1,eyJ0ZXh0dXJlcyI6eyJTS0lOIjp7InVybCI6Imh0dHA6Ly90ZXh0dXJlcy5taW5lY3JhZnQubmV0L3RleHR1cmUvYjRiODdlYjM5M2YxMWFkOGM1NmVjMzhmOGY4YmI1YTMxYjVmYTMzZWIxZWZhNWE2NDc1ZDBhOTYyODFlMjU1In19fQ==
Wigglytuff (#40),https://www.minecraftskins.com/skin/19708088/wigglytuff/,1,ewogICJ0aW1lc3RhbXAiIDogMTY0MjE2MTUzODM1NywKICAicHJvZmlsZUlkIiA6ICIyNzZlMDQ2YjI0MDM0M2VkOTk2NmU0OTRlN2U2Y2IzNCIsCiAgInByb2ZpbGVOYW1lIiA6ICJBRFJBTlM3MTAiLAogICJzaWduYXR1cmVSZXF1aXJlZCIgOiB0cnVlLAogICJ0ZXh0dXJlcyIgOiB7CiAgICAiU0tJTiIgOiB7CiAgICAgICJ1cmwiIDogImh0dHA6Ly90ZXh0dXJlcy5taW5lY3JhZnQubmV0L3RleHR1cmUvNjRmNjM2MDZhNGRhODZiZjhjNjRhYTkyMDhjZTZmYzk2MTc4NjljYzgxYjZhZGQ1ODE0NzVkOWJiNTRjMWQwIgogICAgfQogIH0KfQ
Zubat (#41),https://minecraft-heads.com/custom-heads/monsters/13860-zubat-41,1,eyJ0ZXh0dXJlcyI6eyJTS0lOIjp7InVybCI6Imh0dHA6Ly90ZXh0dXJlcy5taW5lY3JhZnQubmV0L3RleHR1cmUvODI1ZjM2NzVkMjFjOThmNWEyYzI1ODcxOWI1YjVkZjBhNWZiODBlMDQ1ZGFhYjdmODhjMDEyNmMzYjU4OGNjMSJ9fX0=
Golbat (#42),https://minecraft-heads.com/custom-heads/monsters/26272-golbat-42,1,eyJ0ZXh0dXJlcyI6eyJTS0lOIjp7InVybCI6Imh0dHA6Ly90ZXh0dXJlcy5taW5lY3JhZnQubmV0L3RleHR1cmUvZWJhODdhOGJmMDFkYzQwNTA5NDU4YTgyMmEyOWI0M2M1MzIyMTJiN2U1ZDI5ODFhMmY5ZGIwN2FkOGRjMjE3YSJ9fX0=
Oddish (#43),https://minecraft-heads.com/custom-heads/monsters/26267-oddish-43,1,eyJ0ZXh0dXJlcyI6eyJTS0lOIjp7InVybCI6Imh0dHA6Ly90ZXh0dXJlcy5taW5lY3JhZnQubmV0L3RleHR1cmUvMTgzY2Q5MTA1NTEyMzJlNTBiNmIzYTRjZTQ0OGY0MzM2ZmU5NzExYWE2OGM1NTZjZjc2ODA3NzMzN2Q4MjYyYyJ9fX0=
Gloom (#44),https://minecraft.novaskin.me/skin/5265342029627392/Gloom,1,ewogICJ0aW1lc3RhbXAiIDogMTY0MjE2MjA2NTQyMCwKICAicHJvZmlsZUlkIiA6ICJlMmVkYTM1YjMzZGU0M2UxOTVhZmRkNDgxNzQ4ZDlhOSIsCiAgInByb2ZpbGVOYW1lIiA6ICJDaGFsa19SaWNlR0kiLAogICJzaWduYXR1cmVSZXF1aXJlZCIgOiB0cnVlLAogICJ0ZXh0dXJlcyIgOiB7CiAgICAiU0tJTiIgOiB7CiAgICAgICJ1cmwiIDogImh0dHA6Ly90ZXh0dXJlcy5taW5lY3JhZnQubmV0L3RleHR1cmUvZGFjMmRjYjA0NDE1YmQ5Nzg2ZjY4ZDUzM2U5M2QyZmQ1ODdmNmUzMWRlNzQwZTg2Y2Q2OWI1MDBhZDI1OTVkMSIKICAgIH0KICB9Cn0=
Vileplume (#45),https://minecraft.novaskin.me/skin/5082435562504192/Vileplume,1,ewogICJ0aW1lc3RhbXAiIDogMTY0MjE2MjMyNzUyNywKICAicHJvZmlsZUlkIiA6ICI3NTE0NDQ4MTkxZTY0NTQ2OGM5NzM5YTZlMzk1N2JlYiIsCiAgInByb2ZpbGVOYW1lIiA6ICJUaGFua3NNb2phbmciLAogICJzaWduYXR1cmVSZXF1aXJlZCIgOiB0cnVlLAogICJ0ZXh0dXJlcyIgOiB7CiAgICAiU0tJTiIgOiB7CiAgICAgICJ1cmwiIDogImh0dHA6Ly90ZXh0dXJlcy5taW5lY3JhZnQubmV0L3RleHR1cmUvZWI4MTk5MGI1ZDk1NGI0M2NkZjdlZDZmMjY2MWVmZmQ0YTRmODI2NjcxMjZlMzZlNGI0ODYwM2MwYzdkYmRiIgogICAgfQogIH0KfQ
Paras (#46),https://minecraft.novaskin.me/skin/5430603049/paras-pokemon,1,ewogICJ0aW1lc3RhbXAiIDogMTY0MjE2Mjg2MDI3NiwKICAicHJvZmlsZUlkIiA6ICJmODJmNTQ1MDIzZDA0MTFkYmVlYzU4YWI4Y2JlMTNjNyIsCiAgInByb2ZpbGVOYW1lIiA6ICJSZXNwb25kZW50cyIsCiAgInNpZ25hdHVyZVJlcXVpcmVkIiA6IHRydWUsCiAgInRleHR1cmVzIiA6IHsKICAgICJTS0lOIiA6IHsKICAgICAgInVybCIgOiAiaHR0cDovL3RleHR1cmVzLm1pbmVjcmFmdC5uZXQvdGV4dHVyZS81ZTI4MDE1MTAzOGJkZmJkMGYxMDk1YzJlZDJhZTQ2MmUyMWNjYzU5YzczODhjOTQzZTUyNDFmNWM3ZTJjNmY0IgogICAgfQogIH0KfQ
Parasect (#47),https://minecraft-heads.com/custom-heads/monsters/22304-parasect-47,1,eyJ0ZXh0dXJlcyI6eyJTS0lOIjp7InVybCI6Imh0dHA6Ly90ZXh0dXJlcy5taW5lY3JhZnQubmV0L3RleHR1cmUvMmE1YzgyNTBlMDM3OTE2MzlkOGNkOTk5OWY3NTI0MTIwMTQyZTUyMDdkMzExMmU4YjJhNTJkMDQzYzBjZDkzNyJ9fX0=
Venonat (#48),https://minecraft-heads.com/custom-heads/monsters/22874-venonat-48,1,eyJ0ZXh0dXJlcyI6eyJTS0lOIjp7InVybCI6Imh0dHA6Ly90ZXh0dXJlcy5taW5lY3JhZnQubmV0L3RleHR1cmUvYTI5MTFlNzc4NmM5ZGNiMzM2YTAwNDQxNjcyZWI5M2JjOTA4ZWI2OWRhOWI3YWM1Y2E3OWMxN2FjOTRhYTk4MCJ9fX0=
Venomoth (#49),https://minecraft-heads.com/custom-heads/monsters/22873-venomoth-49,1,eyJ0ZXh0dXJlcyI6eyJTS0lOIjp7InVybCI6Imh0dHA6Ly90ZXh0dXJlcy5taW5lY3JhZnQubmV0L3RleHR1cmUvMjFiZDA2OGUwYWFmMzcxZWY5YTllZmU5M2MxNDc3N2Q3Mzg3MDlkMDNjMGVkODVkYWQ3NTY0YTcyMjllMzA4OSJ9fX0=
Diglett (#50),https://minecraft-heads.com/custom-heads/monsters/21739-diglett-50,1,eyJ0ZXh0dXJlcyI6eyJTS0lOIjp7InVybCI6Imh0dHA6Ly90ZXh0dXJlcy5taW5lY3JhZnQubmV0L3RleHR1cmUvN2QyZTlmZWNhMjVjOTczZWY2M2M5ODJkY2MzN2QzY2Y3NjcxY2VjYTUyMTAzNGRiNjkyM2Q5ZjAxOGZmN2ZhOCJ9fX0=
Dugtrio (#51),https://minecraft-heads.com/custom-heads/monsters/43578-dugtrio-51,1,eyJ0ZXh0dXJlcyI6eyJTS0lOIjp7InVybCI6Imh0dHA6Ly90ZXh0dXJlcy5taW5lY3JhZnQubmV0L3RleHR1cmUvNTI4ZjJmNjBiOWRiNzM1NDE5YjZjMmFlNmFkM2IwYjZmY2QzMmE0OGQ2OTM0Njk0YjJjMTZhZDVmNGUwYjMxYSJ9fX0=
Meowth (#52),https://minecraft.novaskin.me/skin/5343924537/Meowth,1,ewogICJ0aW1lc3RhbXAiIDogMTY0MjE2MzE4NTkyNiwKICAicHJvZmlsZUlkIiA6ICJhOGJhMGY1YTFmNjQ0MTgzODZkZGI3OWExZmY5ZWRlYyIsCiAgInByb2ZpbGVOYW1lIiA6ICJDcmVlcGVyOTA3NSIsCiAgInNpZ25hdHVyZVJlcXVpcmVkIiA6IHRydWUsCiAgInRleHR1cmVzIiA6IHsKICAgICJTS0lOIiA6IHsKICAgICAgInVybCIgOiAiaHR0cDovL3RleHR1cmVzLm1pbmVjcmFmdC5uZXQvdGV4dHVyZS8zNzY5NzM5ODMyN2ViZGI2MjA1MGRlMGYxZDFjYmRhYzUxNDdmYzJkOTVlZDIyYmNhNTIzYWI1Y2Q2MWZmZWU5IgogICAgfQogIH0KfQ==
Persian (#53),https://minecraft.novaskin.me/skin/1519353044/Persian-TV,1,ewogICJ0aW1lc3RhbXAiIDogMTY0MjE1OTM2NTc2NSwKICAicHJvZmlsZUlkIiA6ICIzOWEzOTMzZWE4MjU0OGU3ODQwNzQ1YzBjNGY3MjU2ZCIsCiAgInByb2ZpbGVOYW1lIiA6ICJkZW1pbmVjcmFmdGVybG9sIiwKICAic2lnbmF0dXJlUmVxdWlyZWQiIDogdHJ1ZSwKICAidGV4dHVyZXMiIDogewogICAgIlNLSU4iIDogewogICAgICAidXJsIiA6ICJodHRwOi8vdGV4dHVyZXMubWluZWNyYWZ0Lm5ldC90ZXh0dXJlLzFjMTYxMTMyZWViYjg0MmMxNzg5YzZjZTQ0YTQyNTQ1ZGU1MWRkMzdkMjM3MTliMWFlZDQ2ZmIyNDJjZmY4ZDciCiAgICB9CiAgfQp9
Psyduck (#54),https://minecraft.novaskin.me/skin/5081154042/PSYduck,1,ewogICJ0aW1lc3RhbXAiIDogMTY0MjE2MzQxODUxOSwKICAicHJvZmlsZUlkIiA6ICI0M2NmNWJkNjUyMDM0YzU5ODVjMDIwYWI3NDE0OGQxYiIsCiAgInByb2ZpbGVOYW1lIiA6ICJrYW1pbDQ0NSIsCiAgInNpZ25hdHVyZVJlcXVpcmVkIiA6IHRydWUsCiAgInRleHR1cmVzIiA6IHsKICAgICJTS0lOIiA6IHsKICAgICAgInVybCIgOiAiaHR0cDovL3RleHR1cmVzLm1pbmVjcmFmdC5uZXQvdGV4dHVyZS8xMWJmMmY3OTRjY2E1ZTAzZTFhZmFmYmM1MzhhMzlmNTU0NWYyYjAxMGU3MGQzNTk3ZmExM2I4ZmQ4ZDI5ZjEwIgogICAgfQogIH0KfQ==
Golduck (#55),https://minecraft-heads.com/custom-heads/monsters/7323-golduck-55,1,eyJ0ZXh0dXJlcyI6eyJTS0lOIjp7InVybCI6Imh0dHA6Ly90ZXh0dXJlcy5taW5lY3JhZnQubmV0L3RleHR1cmUvOWQ3OTQ0YmUyZWRkNDRiYjRjNGMwZGQ3ZDViZDJmYTg5YmNkNWE3N2ZkZWM4YjkzYmRjMzZlNjZkOWIzIn19fQ==
Mankey (#56),https://www.minecraftskins.com/skin/18754338/mankey-pokmon/,1,ewogICJ0aW1lc3RhbXAiIDogMTY0MjE1OTEyNDY1NywKICAicHJvZmlsZUlkIiA6ICJhMjk1ODZmYmU1ZDk0Nzk2OWZjOGQ4ZGE0NzlhNDNlZSIsCiAgInByb2ZpbGVOYW1lIiA6ICJWaWVydGVsdG9hc3RpaWUiLAogICJzaWduYXR1cmVSZXF1aXJlZCIgOiB0cnVlLAogICJ0ZXh0dXJlcyIgOiB7CiAgICAiU0tJTiIgOiB7CiAgICAgICJ1cmwiIDogImh0dHA6Ly90ZXh0dXJlcy5taW5lY3JhZnQubmV0L3RleHR1cmUvYzg0MzhkZjViNWRlYTNkMGQyMGQ5ZWUwYjRjNTU0Y2VmOWYzZGZiOTg4OGE0YmIzNmE3OWIxMDc1MzNkNDliMSIKICAgIH0KICB9Cn0=
Primeape (#057),https://minecraft-heads.com/custom-heads/monsters/40097-primeape-057,1,eyJ0ZXh0dXJlcyI6eyJTS0lOIjp7InVybCI6Imh0dHA6Ly90ZXh0dXJlcy5taW5lY3JhZnQubmV0L3RleHR1cmUvNmRmMGQzZGJkYTUwMThjMmI4NzAwZTcyM2M4NWQwNDkyMTYzYTVmN2U2MWIwNmZmNDZjZTk0MGMxNjE4ZjZlZSJ9fX0=
Growlithe (#58),https://minecraft-heads.com/custom-heads/monsters/13859-growlithe-58,1,eyJ0ZXh0dXJlcyI6eyJTS0lOIjp7InVybCI6Imh0dHA6Ly90ZXh0dXJlcy5taW5lY3JhZnQubmV0L3RleHR1cmUvODE1MjEzZDM4NTI2OGFkM2JkMTc5ZTYxM2YxZmFjOTlmYTgzOTI4MzFmYzlmNmYxMGRiNTk5Y2Y1OWNlZmZiIn19fQ==
Arcanine (#59),https://minecraft-heads.com/custom-heads/monsters/37310-arcanine-59,1,eyJ0ZXh0dXJlcyI6eyJTS0lOIjp7InVybCI6Imh0dHA6Ly90ZXh0dXJlcy5taW5lY3JhZnQubmV0L3RleHR1cmUvNTdiNjZkZmZlMjhjNGYzNjk3YWZhYzg2MGRkMThjNDU3NWJiZWVlZGFiMDE3ODhkMWFiNDE0YTQwNjY2ZWM5NSJ9fX0=
Poliwag (#60),https://minecraft-heads.com/custom-heads/monsters/34463-poliwag-060,1,eyJ0ZXh0dXJlcyI6eyJTS0lOIjp7InVybCI6Imh0dHA6Ly90ZXh0dXJlcy5taW5lY3JhZnQubmV0L3RleHR1cmUvNjE2NTc1ZWVlNmEzNjM2MDZiYzI5NDAxZjhlNTAyZjA4MzM0YWVkMDRjM2RlYTQ2MWE2NDQ4ODM4YzM1MGEyNSJ9fX0=
Poliwhirl (#61),https://minecraft-heads.com/custom-heads/monsters/26261-poliwhirl-61,1,eyJ0ZXh0dXJlcyI6eyJTS0lOIjp7InVybCI6Imh0dHA6Ly90ZXh0dXJlcy5taW5lY3JhZnQubmV0L3RleHR1cmUvOWE3MjgwYmZlYmJmY2NjODJhNTMwZDFkMTlmZmE5MzgxYzliNDQ4ODYzYmMyMWRmMzhlNTFiMTBlZWRjYzRjYiJ9fX0=
Poliwrath (#62),https://minecraft-heads.com/custom-heads/monsters/43577-poliwrath-62,1,eyJ0ZXh0dXJlcyI6eyJTS0lOIjp7InVybCI6Imh0dHA6Ly90ZXh0dXJlcy5taW5lY3JhZnQubmV0L3RleHR1cmUvZDM5MGMzOWE2NGVkZjEzMmI4YTQ0NTlkMTM0MDkwNzRjYzI0YjQ1NzZjM2M2OGQ4YTc1OTkzOTE3YzU3NzI2MCJ9fX0=
Abra (#63),https://minecraft.novaskin.me/skin/5318954026/Abra,1,ewogICJ0aW1lc3RhbXAiIDogMTY0MjE2MzcwMTA0MSwKICAicHJvZmlsZUlkIiA6ICI4YjgyM2E1YmU0Njk0YjhiOTE0NmE5MWRhMjk4ZTViNSIsCiAgInByb2ZpbGVOYW1lIiA6ICJTZXBoaXRpcyIsCiAgInNpZ25hdHVyZVJlcXVpcmVkIiA6IHRydWUsCiAgInRleHR1cmVzIiA6IHsKICAgICJTS0lOIiA6IHsKICAgICAgInVybCIgOiAiaHR0cDovL3RleHR1cmVzLm1pbmVjcmFmdC5uZXQvdGV4dHVyZS8zNDlmZjc0ZDQwM2U3MTM1NTIzMTYxMmFiODg3ZGQzM2VmMmFhOTExZWQwMzUyOThlZDBhMWUxNDhmYTA3YjciCiAgICB9CiAgfQp9
Kadabra (#64),https://minecraft-heads.com/custom-heads/monsters/24668-kadabra-64,1,eyJ0ZXh0dXJlcyI6eyJTS0lOIjp7InVybCI6Imh0dHA6Ly90ZXh0dXJlcy5taW5lY3JhZnQubmV0L3RleHR1cmUvZGJjMjdkZWU0MmU2YzBmYTRjM2RlYTBiM2MyNmZkYWU1NGMxZTY5MDEyMjk2ZjYwZjYzMTY0M2E3NjhmYjg0OCJ9fX0=
Alakazam (#65),https://minecraft.novaskin.me/skin/5151122988990464/Alakazam,1,ewogICJ0aW1lc3RhbXAiIDogMTY0MjE2Mzg5MjI1NiwKICAicHJvZmlsZUlkIiA6ICI2OTBkMDM2OGM2NTE0OGM5ODZjMzEwN2FjMmRjNjFlYyIsCiAgInByb2ZpbGVOYW1lIiA6ICJ5emZyXzciLAogICJzaWduYXR1cmVSZXF1aXJlZCIgOiB0cnVlLAogICJ0ZXh0dXJlcyIgOiB7CiAgICAiU0tJTiIgOiB7CiAgICAgICJ1cmwiIDogImh0dHA6Ly90ZXh0dXJlcy5taW5lY3JhZnQubmV0L3RleHR1cmUvZTM5MzE5OWRjZmUzMTFmYmU5YzllYTQwNmE2MjcwMDE5MjliZDc1NTc1OGRmZjQwYTUxMTEwZmJjNzRjM2I1NSIKICAgIH0KICB9Cn0=
Machop (#66),https://minecraft-heads.com/custom-heads/monsters/11796-machop-66,1,eyJ0ZXh0dXJlcyI6eyJTS0lOIjp7InVybCI6Imh0dHA6Ly90ZXh0dXJlcy5taW5lY3JhZnQubmV0L3RleHR1cmUvNzkzMjVlNjQzMGVlZjQxNDI4M2U5ZWM1NWMzZjgyNzJkYWZhOGJmNDkyY2YxMzEzMTg0YjE2OWI0OWIwZDIxMSJ9fX0=
Machoke (#67),https://minecraft-heads.com/custom-heads/monsters/22903-machoke-67,1,eyJ0ZXh0dXJlcyI6eyJTS0lOIjp7InVybCI6Imh0dHA6Ly90ZXh0dXJlcy5taW5lY3JhZnQubmV0L3RleHR1cmUvNDM1MWVhZmUzOTA2YmJmYWYzMWI3NGUzMmQ1MGZlMWU5MDQyMDc0NjNlZmZiM2Y1NmQxYTJiZGNmYzg4ZWRhMiJ9fX0=
Machamp (#68),https://minecraft-heads.com/custom-heads/monsters/28502-machamp-68,1,eyJ0ZXh0dXJlcyI6eyJTS0lOIjp7InVybCI6Imh0dHA6Ly90ZXh0dXJlcy5taW5lY3JhZnQubmV0L3RleHR1cmUvNzJkM2ExNzE5MzY0NjBlYjQ2NDY0ZGZmNGZlMjcyYTA4ZjIzYjEwYjE5NWZjNTVlY2ExYzJlYmNjYWRkMzFlMyJ9fX0=
Bellsprout (#69),https://www.planetminecraft.com/skin/bellsprout-3627391/,1,ewogICJ0aW1lc3RhbXAiIDogMTY0MjE2NDIwOTQxMywKICAicHJvZmlsZUlkIiA6ICI5MWYwNGZlOTBmMzY0M2I1OGYyMGUzMzc1Zjg2ZDM5ZSIsCiAgInByb2ZpbGVOYW1lIiA6ICJTdG9ybVN0b3JteSIsCiAgInNpZ25hdHVyZVJlcXVpcmVkIiA6IHRydWUsCiAgInRleHR1cmVzIiA6IHsKICAgICJTS0lOIiA6IHsKICAgICAgInVybCIgOiAiaHR0cDovL3RleHR1cmVzLm1pbmVjcmFmdC5uZXQvdGV4dHVyZS83N2E0Y2Q4OWFmYWIzMTM2MTczMDYyMzYzOGJkMzZkZjFhYzIyYzBhOWZkODU4OTVjYmQ4OTBhZWJiYTIyNDcxIgogICAgfQogIH0KfQ==
Weepinbell (#70),https://minecraft-heads.com/custom-heads/monsters/43575-weepinbell-70,1,eyJ0ZXh0dXJlcyI6eyJTS0lOIjp7InVybCI6Imh0dHA6Ly90ZXh0dXJlcy5taW5lY3JhZnQubmV0L3RleHR1cmUvM2JiMTk1ODIwMDc3N2E4Zjc2ZTY1ZDQzZjY3ZGMwMDg4MGFiMzg2MDhlZDZkNTRkY2MxYzNkY2U3ZWRkMmYyNCJ9fX0=
Victreebel (#71),,1,eyJ0aW1lc3RhbXAiOjE0NzU2ODQ0NzY1NzEsInByb2ZpbGVJZCI6ImRhNzQ2NWVkMjljYjRkZTA5MzRkOTIwMTc0NDkxMzU1IiwicHJvZmlsZU5hbWUiOiJJc2F5bGEiLCJzaWduYXR1cmVSZXF1aXJlZCI6dHJ1ZSwidGV4dHVyZXMiOnsiU0tJTiI6eyJ1cmwiOiJodHRwOi8vdGV4dHVyZXMubWluZWNyYWZ0Lm5ldC90ZXh0dXJlL2YzMzM4Y2Q1OWRkNWE3OWQ1YjJjYjdhMzFhMmFjZTcyZTM3NjdkOTYyYmNhMmQ0MmNhODVmNjJlN2Q5MjRhIn19fQ==
Tentacool (#73),https://minecraft.novaskin.me/skin/5344024030/Tentacool,1,ewogICJ0aW1lc3RhbXAiIDogMTY0MjE1NzIxMjgzMiwKICAicHJvZmlsZUlkIiA6ICIzNzNiZmY5NzQwMmY0N2IzOTViOTZlNzc3NmNmOGFhMiIsCiAgInByb2ZpbGVOYW1lIiA6ICJjdXRlcGluazczIiwKICAic2lnbmF0dXJlUmVxdWlyZWQiIDogdHJ1ZSwKICAidGV4dHVyZXMiIDogewogICAgIlNLSU4iIDogewogICAgICAidXJsIiA6ICJodHRwOi8vdGV4dHVyZXMubWluZWNyYWZ0Lm5ldC90ZXh0dXJlLzUxZmIzMmQ4MGVjYzEwMWQwYTVmMGNlYzQ4ZDBlMDk1MDk3NjcyOTI3Y2Y5ZTNhYmM3NWY3YWIyZGFkZjhiYSIKICAgIH0KICB9Cn0=
Tentacruel (#73),https://minecraft-heads.com/custom-heads/monsters/22417-tentacruel-73,1,eyJ0ZXh0dXJlcyI6eyJTS0lOIjp7InVybCI6Imh0dHA6Ly90ZXh0dXJlcy5taW5lY3JhZnQubmV0L3RleHR1cmUvZTRhYWQ0ODdkNWEwYmMyOGY2ODdjZjgzYmMyOTU4ZGU5ZWIwY2FjYzgxMzA2MWRlMWFjZmQ0MDQ3MDk2NDQ2In19fQ==
Geodude (#74),https://www.minecraftskins.com/skin/6560479/geodude/,1,ewogICJ0aW1lc3RhbXAiIDogMTYzNjc1MDA1MTgwMCwKICAicHJvZmlsZUlkIiA6ICI4MmM2MDZjNWM2NTI0Yjc5OGI5MWExMmQzYTYxNjk3NyIsCiAgInByb2ZpbGVOYW1lIiA6ICJOb3ROb3RvcmlvdXNOZW1vIiwKICAic2lnbmF0dXJlUmVxdWlyZWQiIDogdHJ1ZSwKICAidGV4dHVyZXMiIDogewogICAgIlNLSU4iIDogewogICAgICAidXJsIiA6ICJodHRwOi8vdGV4dHVyZXMubWluZWNyYWZ0Lm5ldC90ZXh0dXJlLzgzMDNhODFlZDM2ZmRkYTBhYTJmNDQwODIyNzg0MTAzYTdiZDFjZDM2YTc4YmNhYjhjMjQ0NTI2MDM1ODFhZWQiCiAgICB9CiAgfQp9
Graveler (#75),,1,ewogICJ0aW1lc3RhbXAiIDogMTY0MjE2NTYyNDgxMywKICAicHJvZmlsZUlkIiA6ICI2MjM5ZWRhM2ExY2Y0YjJiYWMyODk2NGQ0NmNlOWVhOSIsCiAgInByb2ZpbGVOYW1lIiA6ICJGYXRGYXRHb2QiLAogICJzaWduYXR1cmVSZXF1aXJlZCIgOiB0cnVlLAogICJ0ZXh0dXJlcyIgOiB7CiAgICAiU0tJTiIgOiB7CiAgICAgICJ1cmwiIDogImh0dHA6Ly90ZXh0dXJlcy5taW5lY3JhZnQubmV0L3RleHR1cmUvY2RjMGU0ZWM3NDRmNDdkYWU3YWQ1ODI3NmY5YmE0ZWE4N2E0NTBlMTQ2MWUyYjdkYTk0MzA1MDE1MDIwZmFiNiIsCiAgICAgICJtZXRhZGF0YSIgOiB7CiAgICAgICAgIm1vZGVsIiA6ICJzbGltIgogICAgICB9CiAgICB9CiAgfQp9
Golem (#76),,1,ewogICJ0aW1lc3RhbXAiIDogMTY0MjE2NjIxODY1OSwKICAicHJvZmlsZUlkIiA6ICI0OWIzODUyNDdhMWY0NTM3YjBmN2MwZTFmMTVjMTc2NCIsCiAgInByb2ZpbGVOYW1lIiA6ICJiY2QyMDMzYzYzZWM0YmY4IiwKICAic2lnbmF0dXJlUmVxdWlyZWQiIDogdHJ1ZSwKICAidGV4dHVyZXMiIDogewogICAgIlNLSU4iIDogewogICAgICAidXJsIiA6ICJodHRwOi8vdGV4dHVyZXMubWluZWNyYWZ0Lm5ldC90ZXh0dXJlL2I1NDQ1Mjc0YzlkZmY1MWU1ZTU5NDY4Njc3OTZiYzMwZTkyYzY5OGQ3M2VlZjE0OTkyNzZhN2RlNjc4YzQyYyIsCiAgICAgICJtZXRhZGF0YSIgOiB7CiAgICAgICAgIm1vZGVsIiA6ICJzbGltIgogICAgICB9CiAgICB9CiAgfQp9
Ponyta (#77),https://minesk.in/d98b60401863492d9eb45ecc2ade7a77,1,ewogICJ0aW1lc3RhbXAiIDogMTYyNjQ1NDk3MjIwMSwKICAicHJvZmlsZUlkIiA6ICJkMGI4MjE1OThmMTE0NzI1ODBmNmNiZTliOGUxYmU3MCIsCiAgInByb2ZpbGVOYW1lIiA6ICJqYmFydHl5IiwKICAic2lnbmF0dXJlUmVxdWlyZWQiIDogdHJ1ZSwKICAidGV4dHVyZXMiIDogewogICAgIlNLSU4iIDogewogICAgICAidXJsIiA6ICJodHRwOi8vdGV4dHVyZXMubWluZWNyYWZ0Lm5ldC90ZXh0dXJlLzU1ZjkwMTczNTdjNWY5M2VjODRlOGJlZjhhOGE3ZTEyMDFkNzljMGFmMTFhNzIxNDA4MDAxNWEwYjNhNzA1NjIiCiAgICB9CiAgfQp9
Rapidash (#78),https://minesk.in/3acaaa68f9534828b2427d5fea03a5d9,1,ewogICJ0aW1lc3RhbXAiIDogMTU5NDU3MjgxMTQ3MiwKICAicHJvZmlsZUlkIiA6ICJkZTU3MWExMDJjYjg0ODgwOGZlN2M5ZjQ0OTZlY2RhZCIsCiAgInByb2ZpbGVOYW1lIiA6ICJNSEZfTWluZXNraW4iLAogICJzaWduYXR1cmVSZXF1aXJlZCIgOiB0cnVlLAogICJ0ZXh0dXJlcyIgOiB7CiAgICAiU0tJTiIgOiB7CiAgICAgICJ1cmwiIDogImh0dHA6Ly90ZXh0dXJlcy5taW5lY3JhZnQubmV0L3RleHR1cmUvNWNjNGZkZmNlNGMyYjNiOTRlNzgwYmU4OWY1Nzk2NWMzYzM0YjZiZDQzYmEwYTY1M2ViOGMzNGRjNzUyNmE0OCIKICAgIH0KICB9Cn0=
Slowpoke (#79),https://minecraft-heads.com/custom-heads/monsters/28493-slowpoke-79,1,eyJ0ZXh0dXJlcyI6eyJTS0lOIjp7InVybCI6Imh0dHA6Ly90ZXh0dXJlcy5taW5lY3JhZnQubmV0L3RleHR1cmUvOTQ0MzhkNDVjN2Y3N2I0ZWExNDY2MDRlNGYyYTkyZTViMWZjZmUxZTdlYzRjMTE3ZmM5YTlhMDIwMGRhYzNlNyJ9fX0=
Slowbro (#80),https://minecraft-heads.com/custom-heads/monsters/20186-slowbro-80,1,eyJ0ZXh0dXJlcyI6eyJTS0lOIjp7InVybCI6Imh0dHA6Ly90ZXh0dXJlcy5taW5lY3JhZnQubmV0L3RleHR1cmUvM2IzNmZmMGQ5YTY1NjE5YzFmZTQ2YTQ5NjEwMmY5ZGU4OTg3YWM4NGM4MWNhZThjYTdiYzdkZjFjMjg0NDViZCJ9fX0=
Magnemite (#81),https://minecraft-heads.com/custom-heads/monsters/26283-magnemite-81,1,eyJ0ZXh0dXJlcyI6eyJTS0lOIjp7InVybCI6Imh0dHA6Ly90ZXh0dXJlcy5taW5lY3JhZnQubmV0L3RleHR1cmUvNjI3YjVhMDgzZDk5ODM4ZmYwOTc5MTU1NmEzN2U5MTIwMjIwMjQxNzA4MDM0YTY5YTk1ZWMwZmIyNzFiNmU5ZSJ9fX0=
Magneton (#82),https://minecraft.novaskin.me/skin/1822983100/Magneton,1,ewogICJ0aW1lc3RhbXAiIDogMTY0MjE1ODI0MjQwNywKICAicHJvZmlsZUlkIiA6ICJmYzUwMjkzYTVkMGI0NzViYWYwNDJhNzIwMWJhMzBkMiIsCiAgInByb2ZpbGVOYW1lIiA6ICJDVUNGTDE3IiwKICAic2lnbmF0dXJlUmVxdWlyZWQiIDogdHJ1ZSwKICAidGV4dHVyZXMiIDogewogICAgIlNLSU4iIDogewogICAgICAidXJsIiA6ICJodHRwOi8vdGV4dHVyZXMubWluZWNyYWZ0Lm5ldC90ZXh0dXJlLzhlYjVhYzZlMGNhNjM1MDEwZjlhOWUxYjA4YjE0MTFmNmI3NmRhNDBmMzIzMWQ4OWU0NzM3M2U2MzNiOWUxZTUiCiAgICB9CiAgfQp9
Farfetchd (#83),https://minesk.in/e82ee56e90784b709ba0d528091a4de0,1,ewogICJ0aW1lc3RhbXAiIDogMTY0MjE2ODA3MjQ2MCwKICAicHJvZmlsZUlkIiA6ICJiYzRlZGZiNWYzNmM0OGE3YWM5ZjFhMzlkYzIzZjRmOCIsCiAgInByb2ZpbGVOYW1lIiA6ICI4YWNhNjgwYjIyNDYxMzQwIiwKICAic2lnbmF0dXJlUmVxdWlyZWQiIDogdHJ1ZSwKICAidGV4dHVyZXMiIDogewogICAgIlNLSU4iIDogewogICAgICAidXJsIiA6ICJodHRwOi8vdGV4dHVyZXMubWluZWNyYWZ0Lm5ldC90ZXh0dXJlLzkxNWNjZTU0OTIwNTllN2ExZjllZDkyNWY1MDc0ZTJkNzQ0MzA0MzU0NjEyZGM0ZjA0MmRjZDE1ZmQ5MzRmZTUiLAogICAgICAibWV0YWRhdGEiIDogewogICAgICAgICJtb2RlbCIgOiAic2xpbSIKICAgICAgfQogICAgfQogIH0KfQ==
Doduo (#84),https://minecraft-heads.com/custom-heads/monsters/26282-doduo-84,1,eyJ0ZXh0dXJlcyI6eyJTS0lOIjp7InVybCI6Imh0dHA6Ly90ZXh0dXJlcy5taW5lY3JhZnQubmV0L3RleHR1cmUvOTY0MzE1NGZkYTAxZTU2MzM2ZmMzMzMyN2U4MzM3ZjVmZmE0NmRiZWM4M2ZkY2Q2NjNhMTFlZDc1MDMzZmE4OSJ9fX0=
Dodrio (#85),https://minecraft-heads.com/custom-heads/monsters/26281-dodrio-85,1,eyJ0ZXh0dXJlcyI6eyJTS0lOIjp7InVybCI6Imh0dHA6Ly90ZXh0dXJlcy5taW5lY3JhZnQubmV0L3RleHR1cmUvODNjNTk3MjM5ZDE2ZmU0ODk1MDhhYzAwYWI5NGU1MjNlYTlkN2UyZjU0YjdlZjI1ZWNkY2JkYTcwOTY3ZjFhMyJ9fX0=
Seel (#86),https://minecraft-heads.com/custom-heads/monsters/26278-seel-86,1,eyJ0ZXh0dXJlcyI6eyJTS0lOIjp7InVybCI6Imh0dHA6Ly90ZXh0dXJlcy5taW5lY3JhZnQubmV0L3RleHR1cmUvODk4OWE1YThhZDM4ZmIxODYwYjcwYmRmMTFlZWY0ZjIyZTE5NTFmZTIyZjEzMTFjMDY5MmRhZjRlMDlmNTQwMiJ9fX0=
Dewgong (#87),https://minecraft.novaskin.me/skin/5330694899/Dewgong,1,ewogICJ0aW1lc3RhbXAiIDogMTY0MjE1NzQ2Mzg0MSwKICAicHJvZmlsZUlkIiA6ICI2MzMyMDgwZTY3YTI0Y2MxYjE3ZGJhNzZmM2MwMGYxZCIsCiAgInByb2ZpbGVOYW1lIiA6ICJUZWFtSHlkcmEiLAogICJzaWduYXR1cmVSZXF1aXJlZCIgOiB0cnVlLAogICJ0ZXh0dXJlcyIgOiB7CiAgICAiU0tJTiIgOiB7CiAgICAgICJ1cmwiIDogImh0dHA6Ly90ZXh0dXJlcy5taW5lY3JhZnQubmV0L3RleHR1cmUvYzVjNzc2NjYxZjk1MWM1MjZkOWVmYTk4MWRmYjZjMTBjNDQ5MWZjM2NlMWVkNGJkZWY1MmI2MzczNzBiYWVkMSIKICAgIH0KICB9Cn0=
Grimer (#88),https://minecraft.novaskin.me/skin/5330694903/Grimer,1,ewogICJ0aW1lc3RhbXAiIDogMTY0MjE1NzcyMjA0MywKICAicHJvZmlsZUlkIiA6ICJjMDNlZTUxNjIzZTU0ZThhODc1NGM1NmVhZmJjZDA4ZSIsCiAgInByb2ZpbGVOYW1lIiA6ICJsYXltYW51ZWwiLAogICJzaWduYXR1cmVSZXF1aXJlZCIgOiB0cnVlLAogICJ0ZXh0dXJlcyIgOiB7CiAgICAiU0tJTiIgOiB7CiAgICAgICJ1cmwiIDogImh0dHA6Ly90ZXh0dXJlcy5taW5lY3JhZnQubmV0L3RleHR1cmUvNzMzNGY2ZjQ5NDYxOTE4NzA3NDVhODUxMWE4NzFlOTQ0NmU4MGM2NmFjNzkzNDFlNzljOWY3MGQ1Yjc2ZmQ0MSIKICAgIH0KICB9Cn0=
Muk (#89),https://minecraft.novaskin.me/skin/5374803321/Muk,1,ewogICJ0aW1lc3RhbXAiIDogMTY0MjE1NzgxNTE5OCwKICAicHJvZmlsZUlkIiA6ICI4N2RiMmNjNWY4Y2I0MjI4YTU0OGRiMzJlM2Y0NmFmNiIsCiAgInByb2ZpbGVOYW1lIiA6ICJZVG1hdGlhczEzbG9sIiwKICAic2lnbmF0dXJlUmVxdWlyZWQiIDogdHJ1ZSwKICAidGV4dHVyZXMiIDogewogICAgIlNLSU4iIDogewogICAgICAidXJsIiA6ICJodHRwOi8vdGV4dHVyZXMubWluZWNyYWZ0Lm5ldC90ZXh0dXJlLzlmNTM0ZDU0ZGRmNGVhZWFkM2M2ZWZjMWE4ZTEzYzI0NWFhN2YyYmQ5MDk0ZjAxM2Y1YjAwNmRhYWZlMmEiCiAgICB9CiAgfQp9
Shellder (#90),https://minecraft-heads.com/custom-heads/monsters/43572-shellder-90,1,eyJ0ZXh0dXJlcyI6eyJTS0lOIjp7InVybCI6Imh0dHA6Ly90ZXh0dXJlcy5taW5lY3JhZnQubmV0L3RleHR1cmUvM2Q3YTRmYzg0ODFiZjcyZDY2NGRiY2U0MTZmNDE1MmM4NTE5MTgyMWEwN2M2N2MyZGM5OWEzYTA2MjI4Zjc5OSJ9fX0=
Cloyster (#91),https://www.planetminecraft.com/skin/cloyster/,1,ewogICJ0aW1lc3RhbXAiIDogMTY0MjE1Nzk5NjIzMCwKICAicHJvZmlsZUlkIiA6ICJlZDUzZGQ4MTRmOWQ0YTNjYjRlYjY1MWRjYmE3N2U2NiIsCiAgInByb2ZpbGVOYW1lIiA6ICI0MTQxNDE0MWgiLAogICJzaWduYXR1cmVSZXF1aXJlZCIgOiB0cnVlLAogICJ0ZXh0dXJlcyIgOiB7CiAgICAiU0tJTiIgOiB7CiAgICAgICJ1cmwiIDogImh0dHA6Ly90ZXh0dXJlcy5taW5lY3JhZnQubmV0L3RleHR1cmUvNTY1ZWY5ODVhYjA4NWQzNzZmZTJhMzJmYmRkNDdhMzQyMWEyMDA5OGUyZmRiYmVkMTYyNTY2NDQzYmI1MDZlZCIKICAgIH0KICB9Cn0=
Gastly (#92),https://minecraft.novaskin.me/skin/4753853299/gastly,1,ewogICJ0aW1lc3RhbXAiIDogMTY0MjE1ODUxNjEyOSwKICAicHJvZmlsZUlkIiA6ICJjNzQ1Mzc4MDY5MzY0ODg2ODkwNzRkOTQ3ZjBlOTlmNCIsCiAgInByb2ZpbGVOYW1lIiA6ICJjdWN1bWkwNyIsCiAgInNpZ25hdHVyZVJlcXVpcmVkIiA6IHRydWUsCiAgInRleHR1cmVzIiA6IHsKICAgICJTS0lOIiA6IHsKICAgICAgInVybCIgOiAiaHR0cDovL3RleHR1cmVzLm1pbmVjcmFmdC5uZXQvdGV4dHVyZS80MDBjYmFjZTE5NzJjMDMyNjhjNWE2ZjRmNzAyZjYyN2RiMTJkY2QyZjMxMzNhNzk1NGQ5ZmQ3NTY3NTBmNmY0IiwKICAgICAgIm1ldGFkYXRhIiA6IHsKICAgICAgICAibW9kZWwiIDogInNsaW0iCiAgICAgIH0KICAgIH0KICB9Cn0=
Haunter (#93),https://minecraft-heads.com/custom-heads/monsters/8338-haunter-93,1,eyJ0ZXh0dXJlcyI6eyJTS0lOIjp7InVybCI6Imh0dHA6Ly90ZXh0dXJlcy5taW5lY3JhZnQubmV0L3RleHR1cmUvYjU5MWUyMjNkMmZkZDI3NjU0ODExN2Q3OGE4ODBlMTI5MmEyZjMyN2JlN2VmNGQyNmFmNTE0ZmU0YWY3YTY5In19fQ==
Gengar (#094),https://www.minecraftskins.com/skin/9822302/gengar/,1,ewogICJ0aW1lc3RhbXAiIDogMTYyNTM4Mjc1Njg3NCwKICAicHJvZmlsZUlkIiA6ICJjNjc3MGJjZWMzZjE0ODA3ODc4MTU0NWRhMGFmMDI1NCIsCiAgInByb2ZpbGVOYW1lIiA6ICJDVUNGTDE2IiwKICAic2lnbmF0dXJlUmVxdWlyZWQiIDogdHJ1ZSwKICAidGV4dHVyZXMiIDogewogICAgIlNLSU4iIDogewogICAgICAidXJsIiA6ICJodHRwOi8vdGV4dHVyZXMubWluZWNyYWZ0Lm5ldC90ZXh0dXJlL2E2OWY4YWVkOTU4N2I0YWViY2E2ZWUzODc1ZDM0YmU2M2NiODRlMTM2NzliYzYyMTNkYTY2NDdlNDQ3ZDQxZDciCiAgICB9CiAgfQp9
Onix (#95),https://www.minecraftskins.com/skin/14807453/onix-request/,1,ewogICJ0aW1lc3RhbXAiIDogMTY0MjE2ODk0NjIwNiwKICAicHJvZmlsZUlkIiA6ICIxNmFkYTc5YjFjMDk0MjllOWEyOGQ5MjgwZDNjNjE5ZiIsCiAgInByb2ZpbGVOYW1lIiA6ICJMYXp1bGl0ZV9adG9uZSIsCiAgInNpZ25hdHVyZVJlcXVpcmVkIiA6IHRydWUsCiAgInRleHR1cmVzIiA6IHsKICAgICJTS0lOIiA6IHsKICAgICAgInVybCIgOiAiaHR0cDovL3RleHR1cmVzLm1pbmVjcmFmdC5uZXQvdGV4dHVyZS80YzEyMDQzNTNmNDNhOWQ2Mzg1YWM1YWI0ZDAwZGU2ZGRlNTM3ZjFiNGY3YTNhNThlYmJhODNhZDhhOWI0YzQ2IiwKICAgICAgIm1ldGFkYXRhIiA6IHsKICAgICAgICAibW9kZWwiIDogInNsaW0iCiAgICAgIH0KICAgIH0KICB9Cn0=
Drowzee (#96),https://minecraft-heads.com/custom-heads/monsters/26276-drowzee-96,1,eyJ0ZXh0dXJlcyI6eyJTS0lOIjp7InVybCI6Imh0dHA6Ly90ZXh0dXJlcy5taW5lY3JhZnQubmV0L3RleHR1cmUvMzRhOGFlOGYxYWU1YzU3M2Y5YTI4MzdhNGUzMWZkMDlhZTlmOWRmNjMwNGRhZTk5MzBhNzI1NTRmY2UxMDA1MiJ9fX0=
Hypno (#97),https://minecraft-heads.com/custom-heads/monsters/26275-hypno-97,1,eyJ0ZXh0dXJlcyI6eyJTS0lOIjp7InVybCI6Imh0dHA6Ly90ZXh0dXJlcy5taW5lY3JhZnQubmV0L3RleHR1cmUvZWRhNDMwNWE1YzE1ZTVjZDBkMDk0ZTI0MTJjYWM0YzAyZjNiNTNjN2Q2NjA1NThkZTdlNGU5MjQxM2NiNmE4NCJ9fX0=
Krabby (#98),https://minecraft-heads.com/custom-heads/monsters/26072-krabby-98,1,eyJ0ZXh0dXJlcyI6eyJTS0lOIjp7InVybCI6Imh0dHA6Ly90ZXh0dXJlcy5taW5lY3JhZnQubmV0L3RleHR1cmUvMmY4ZDIyNmE5NjQ1MTM5YjgxNmRkYmUzNTQ0NGFmZjIyZmE5OWMzMTU0MzkzYjU4OGNhMTczMGNkYTEyYTNkIn19fQ==
Kingler (#99),https://www.planetminecraft.com/skin/pokmon---kingler/,1,ewogICJ0aW1lc3RhbXAiIDogMTY0MjE3Mjg4MzI1OSwKICAicHJvZmlsZUlkIiA6ICI2MzMyMDgwZTY3YTI0Y2MxYjE3ZGJhNzZmM2MwMGYxZCIsCiAgInByb2ZpbGVOYW1lIiA6ICJUZWFtSHlkcmEiLAogICJzaWduYXR1cmVSZXF1aXJlZCIgOiB0cnVlLAogICJ0ZXh0dXJlcyIgOiB7CiAgICAiU0tJTiIgOiB7CiAgICAgICJ1cmwiIDogImh0dHA6Ly90ZXh0dXJlcy5taW5lY3JhZnQubmV0L3RleHR1cmUvODQ4MTIyNzA1YTFjN2UxMTQyNjk1NjQwMDBmOTBmMmU5MjNmNWY3MGJmNjM5NTEyYWE3YjVmMDY0ZjZlYjBhZSIKICAgIH0KICB9Cn0=
Voltorb (#100),https://minecraft-heads.com/custom-heads/monsters/34462-voltorb-100,1,eyJ0ZXh0dXJlcyI6eyJTS0lOIjp7InVybCI6Imh0dHA6Ly90ZXh0dXJlcy5taW5lY3JhZnQubmV0L3RleHR1cmUvM2RjYzlmYWU5MTU1ZWI5NGRjMWQxNTE5YzQ1MjdiZTQ4ZmNjN2FjZTg5ZWIzNTY2ZmM1MjVmMTk1YmZkMDRmMiJ9fX0=
Electrode (#101),https://minecraft-heads.com/custom-heads/monsters/34461-electrode-101,1,eyJ0ZXh0dXJlcyI6eyJTS0lOIjp7InVybCI6Imh0dHA6Ly90ZXh0dXJlcy5taW5lY3JhZnQubmV0L3RleHR1cmUvMjcyNjA5NWFhNjk0Y2I5ZGE3MDQ3Yjg0OTUyOWMzYWU0NjdlOGZhNTYwMTVlMWE4NDk0ZmFjMTA2OWIwNjA5YyJ9fX0=
Exeggcute (#102),https://minecraft-heads.com/custom-heads/monsters/43579-exeggcute-102,1,eyJ0ZXh0dXJlcyI6eyJTS0lOIjp7InVybCI6Imh0dHA6Ly90ZXh0dXJlcy5taW5lY3JhZnQubmV0L3RleHR1cmUvOGQwMjg2MThkOGZjMGUyYTM5MjEzMjBjYTcyM2VmZjZiNGFiZmEyY2EzNTRlNDkzYWRkZGVlMGNmNTYwNDNiYSJ9fX0=
Exeggutor (#103),https://minecraft-heads.com/custom-heads/monsters/26285-exeggutor-103,1,eyJ0ZXh0dXJlcyI6eyJTS0lOIjp7InVybCI6Imh0dHA6Ly90ZXh0dXJlcy5taW5lY3JhZnQubmV0L3RleHR1cmUvOGNmOTJjZGZkMjc4NDM1MmMxM2Q1YTlkZDc0ZDQ5NmU3N2NjM2IzNmNhM2U4YTJlMTRiYTdjNDllZTY0OTYyOSJ9fX0=
Cubone (#104),https://minecraft-heads.com/custom-heads/monsters/5687-cubone-104,1,eyJ0ZXh0dXJlcyI6eyJTS0lOIjp7InVybCI6Imh0dHA6Ly90ZXh0dXJlcy5taW5lY3JhZnQubmV0L3RleHR1cmUvN2E0ZmE3MWFkMjhjZDFlMWI3ZWE5MzU4MTczMDgyNWNiYTk2Y2FjM2NkM2IxYmM3MmE5N2VhNTRkZTUzNCJ9fX0=
Marowak (#105),https://minecraft-heads.com/custom-heads/monsters/43570-marowak-105,1,eyJ0ZXh0dXJlcyI6eyJTS0lOIjp7InVybCI6Imh0dHA6Ly90ZXh0dXJlcy5taW5lY3JhZnQubmV0L3RleHR1cmUvM2E3OGI1MzgwZjM0MmQxNDhlNGQ0ZjliNjYxZWVlY2RjYWQwNDY5YzhhYWMzZWY0OWRjN2E0NmZlMzliMmVlIn19fQ==
Hitmonlee (#106),https://minecraft-heads.com/custom-heads/monsters/26289-hitmonlee-106,1,eyJ0ZXh0dXJlcyI6eyJTS0lOIjp7InVybCI6Imh0dHA6Ly90ZXh0dXJlcy5taW5lY3JhZnQubmV0L3RleHR1cmUvZmY5ODk2ODNjODliMzY0N2EyYjU3NzY4NGFjNGVjYWVlNDU1NjVkYWFkZjc3MDA4NDY1MzU4MjNjN2QzMjQyNSJ9fX0=
Hitmonchan (#107),https://minecraft.novaskin.me/skin/5034573036/hitmonchan,1,ewogICJ0aW1lc3RhbXAiIDogMTY0MjE3MzA3NjA0OSwKICAicHJvZmlsZUlkIiA6ICIzZmM3ZmRmOTM5NjM0YzQxOTExOTliYTNmN2NjM2ZlZCIsCiAgInByb2ZpbGVOYW1lIiA6ICJZZWxlaGEiLAogICJzaWduYXR1cmVSZXF1aXJlZCIgOiB0cnVlLAogICJ0ZXh0dXJlcyIgOiB7CiAgICAiU0tJTiIgOiB7CiAgICAgICJ1cmwiIDogImh0dHA6Ly90ZXh0dXJlcy5taW5lY3JhZnQubmV0L3RleHR1cmUvZTc5MDJhMmU0MWJmYTJkZTFkNzY5Mzk2ZWEwODlhY2E1Nzg5NmU4ODQ0ODk5ZTMxYzBmM2ZlMmU4ZGRlZjlhZiIKICAgIH0KICB9Cn0=
Lickitung (#108),https://minecraft-heads.com/custom-heads/monsters/35746-lickitung-108,1,eyJ0ZXh0dXJlcyI6eyJTS0lOIjp7InVybCI6Imh0dHA6Ly90ZXh0dXJlcy5taW5lY3JhZnQubmV0L3RleHR1cmUvODFhNGUxMDgyM2FkYTlmZTFjNTYwMzY0OTc1NjNiYjMyZGMwYWE3ZmExYWNiOTU3OTdjZWUwMjg4MTEyNjY0NyJ9fX0=
Koffing (#109),https://minecraft-heads.com/custom-heads/monsters/35745-koffing-109,1,eyJ0ZXh0dXJlcyI6eyJTS0lOIjp7InVybCI6Imh0dHA6Ly90ZXh0dXJlcy5taW5lY3JhZnQubmV0L3RleHR1cmUvYWUzNDdlMzA2YjVjZDFlYThhODk5YzY3Yjg1M2ZkYTFkY2RmODkyYmI0N2RkMTNiYThjMjQ3MGZhMDA1NDA0NyJ9fX0=
Weezing (#110),https://minecraft-heads.com/custom-heads/monsters/29644-weezing-110,1,eyJ0ZXh0dXJlcyI6eyJTS0lOIjp7InVybCI6Imh0dHA6Ly90ZXh0dXJlcy5taW5lY3JhZnQubmV0L3RleHR1cmUvYjIxNjkyODkzNWFiYjdlZDNiOGY0NmZhMmM2MGQwNWY2ZjZiM2JkMDE2NDJmZjEwOTZlZGU3YzY2ZTIyZjc1In19fQ==
Rhyhorn (#111),https://minesk.in/f9babea78bd7427bb05284410c838e00,1,ewogICJ0aW1lc3RhbXAiIDogMTY0MjM4MjYyNzI2NiwKICAicHJvZmlsZUlkIiA6ICI3ZGEyYWIzYTkzY2E0OGVlODMwNDhhZmMzYjgwZTY4ZSIsCiAgInByb2ZpbGVOYW1lIiA6ICJHb2xkYXBmZWwiLAogICJzaWduYXR1cmVSZXF1aXJlZCIgOiB0cnVlLAogICJ0ZXh0dXJlcyIgOiB7CiAgICAiU0tJTiIgOiB7CiAgICAgICJ1cmwiIDogImh0dHA6Ly90ZXh0dXJlcy5taW5lY3JhZnQubmV0L3RleHR1cmUvMWY3YTRhMGIxYzVhN2I0ZmRlYTgzYWVjMTUxOTAwYjZmOGU2Y2NkOTYzNDdmNzQyMmY5NWNkODljOTI0Y2ViNCIKICAgIH0KICB9Cn0=
Rhydon (#112),https://minecraft.novaskin.me/skin/5465303064/rhydon,1,ewogICJ0aW1lc3RhbXAiIDogMTY0MjM4MjI5NjYwNCwKICAicHJvZmlsZUlkIiA6ICIxNmFkYTc5YjFjMDk0MjllOWEyOGQ5MjgwZDNjNjE5ZiIsCiAgInByb2ZpbGVOYW1lIiA6ICJMYXp1bGl0ZV9adG9uZSIsCiAgInNpZ25hdHVyZVJlcXVpcmVkIiA6IHRydWUsCiAgInRleHR1cmVzIiA6IHsKICAgICJTS0lOIiA6IHsKICAgICAgInVybCIgOiAiaHR0cDovL3RleHR1cmVzLm1pbmVjcmFmdC5uZXQvdGV4dHVyZS9iM2Q0ZTI3NzZlZDE0Yjg1YzU0ZmVjZmQwODdkZTYyYmM4YzM5MzM5NmQ3MmQ5OGZkZDA1YTQ5ZWI0YWNjYmFkIgogICAgfQogIH0KfQ==
Chansey (#113),https://minecraft.novaskin.me/skin/4785415695/chansey,1,ewogICJ0aW1lc3RhbXAiIDogMTY0MjE3MzQ3NjExMywKICAicHJvZmlsZUlkIiA6ICJiNzVjZDRmMThkZjg0MmNlYjJhY2MxNTU5MTNiMjA0YiIsCiAgInByb2ZpbGVOYW1lIiA6ICJLcmlzdGlqb25hczEzIiwKICAic2lnbmF0dXJlUmVxdWlyZWQiIDogdHJ1ZSwKICAidGV4dHVyZXMiIDogewogICAgIlNLSU4iIDogewogICAgICAidXJsIiA6ICJodHRwOi8vdGV4dHVyZXMubWluZWNyYWZ0Lm5ldC90ZXh0dXJlL2U4ZDczMTdiMzk2ZjM1OGIzY2Q3NjZlZDk2Y2Q1OTQ1Mzk4NTViZWIxMTI4ZGFlMzVmYjlkNTcyN2ExNDNjMGUiCiAgICB9CiAgfQp9
Tangela (#114),https://minecraft-heads.com/custom-heads/monsters/26303-tangela-114,1,eyJ0ZXh0dXJlcyI6eyJTS0lOIjp7InVybCI6Imh0dHA6Ly90ZXh0dXJlcy5taW5lY3JhZnQubmV0L3RleHR1cmUvMzM1NzU1N2RlZTM4ZDMxZDc1Zjg3ZmYwMDk0OTZhODA4ZmRkMDMyMGYwZTg1ZGIzZmRkNGI1ZTRmOTM4NDkyNyJ9fX0=
Kangaskhan (#115),https://minecraft.novaskin.me/skin/5340104022/Kangaskhan,1,ewogICJ0aW1lc3RhbXAiIDogMTY0MjE3MzY2NTcwMywKICAicHJvZmlsZUlkIiA6ICJkZTE0MGFmM2NmMjM0ZmM0OTJiZTE3M2Y2NjA3MzViYiIsCiAgInByb2ZpbGVOYW1lIiA6ICJTUlRlYW0iLAogICJzaWduYXR1cmVSZXF1aXJlZCIgOiB0cnVlLAogICJ0ZXh0dXJlcyIgOiB7CiAgICAiU0tJTiIgOiB7CiAgICAgICJ1cmwiIDogImh0dHA6Ly90ZXh0dXJlcy5taW5lY3JhZnQubmV0L3RleHR1cmUvMzRkNDEwNWQzYmExZDdkNTJjOTMwMzViMjU5NTlkNzVjYTllZTg0MjEzZTcwZDllNmExNDcyZmVlN2RiNzMwIgogICAgfQogIH0KfQ==
Horsea (#116),https://minecraft-heads.com/custom-heads/monsters/26300-horsea-116,1,ewogICJ0aW1lc3RhbXAiIDogMTY0MjE4NjQ2ODI4MCwKICAicHJvZmlsZUlkIiA6ICI2OTBkMDM2OGM2NTE0OGM5ODZjMzEwN2FjMmRjNjFlYyIsCiAgInByb2ZpbGVOYW1lIiA6ICJ5emZyXzciLAogICJzaWduYXR1cmVSZXF1aXJlZCIgOiB0cnVlLAogICJ0ZXh0dXJlcyIgOiB7CiAgICAiU0tJTiIgOiB7CiAgICAgICJ1cmwiIDogImh0dHA6Ly90ZXh0dXJlcy5taW5lY3JhZnQubmV0L3RleHR1cmUvZTNhMzUzNThkMjRiYzg3MTUzYmE0MTVjYzE0OTAxMzczMjA5N2UzMjhlZGZiNmEzYzVhMDU4NTYyMmJkYzc1NSIKICAgIH0KICB9Cn0=
Seadra (#117),https://minecraft-heads.com/custom-heads/monsters/26299-seadra-117,1,eyJ0ZXh0dXJlcyI6eyJTS0lOIjp7InVybCI6Imh0dHA6Ly90ZXh0dXJlcy5taW5lY3JhZnQubmV0L3RleHR1cmUvOWQ5YWM1ZDhkMGNkOGJhMmFjM2ZhYTk2YTM1YTkyNGM0NjY1ZDg2Mzc2YjgxOThjOWQ1YTRkNTE5Yzk3N2QxNiJ9fX0=
Goldeen (#118),https://minecraft-heads.com/custom-heads/monsters/26298-goldeen-118,1,eyJ0ZXh0dXJlcyI6eyJTS0lOIjp7InVybCI6Imh0dHA6Ly90ZXh0dXJlcy5taW5lY3JhZnQubmV0L3RleHR1cmUvZGI4MWMxZGMxM2JjOWUwOGNmZmE3N2M4NWNlNDc3YjMxODJlOWY1YTU1YTgxZThiM2NlMjhjNWVlOTk5ZmEyIn19fQ==
Seaking (#119),https://minecraft.novaskin.me/skin/5457633354/seaking-pokemon,1,ewogICJ0aW1lc3RhbXAiIDogMTY0MjM4MzEyMzY1NywKICAicHJvZmlsZUlkIiA6ICIxZjEyNTNhYTVkYTQ0ZjU5YWU1YWI1NmFhZjRlNTYxNyIsCiAgInByb2ZpbGVOYW1lIiA6ICJOb3RNaUt5IiwKICAic2lnbmF0dXJlUmVxdWlyZWQiIDogdHJ1ZSwKICAidGV4dHVyZXMiIDogewogICAgIlNLSU4iIDogewogICAgICAidXJsIiA6ICJodHRwOi8vdGV4dHVyZXMubWluZWNyYWZ0Lm5ldC90ZXh0dXJlLzgzN2I3NzEwOWNkOGQzNTBlMDFkNjJmNDhhY2UxZGU2NGYwNTFhNDE0OTYzMTI1YWRhMDI5MTNlMGNlODMzYjUiCiAgICB9CiAgfQp9
Staryu (#120),https://www.minecraftskins.com/skin/2180802/coachskid-s-staryu/,1,ewogICJ0aW1lc3RhbXAiIDogMTY0MjE1ODg3ODYxNSwKICAicHJvZmlsZUlkIiA6ICI5MWYwNGZlOTBmMzY0M2I1OGYyMGUzMzc1Zjg2ZDM5ZSIsCiAgInByb2ZpbGVOYW1lIiA6ICJTdG9ybVN0b3JteSIsCiAgInNpZ25hdHVyZVJlcXVpcmVkIiA6IHRydWUsCiAgInRleHR1cmVzIiA6IHsKICAgICJTS0lOIiA6IHsKICAgICAgInVybCIgOiAiaHR0cDovL3RleHR1cmVzLm1pbmVjcmFmdC5uZXQvdGV4dHVyZS84NzA3ZjQzMzlmNjhlYWU1NDU1M2Y3ZjQ0Yzg0MDU0OTI3NmJkODNiOGM2OTg2ZThmYWYzNGM3YWY2NDRlMDE5IgogICAgfQogIH0KfQ==
Starmie (#121),https://minecraft-heads.com/custom-heads/monsters/43568-starmie-121,1,eyJ0ZXh0dXJlcyI6eyJTS0lOIjp7InVybCI6Imh0dHA6Ly90ZXh0dXJlcy5taW5lY3JhZnQubmV0L3RleHR1cmUvNmNlMGFlMzUyN2NlOTFmNjE4MzZmYTI1MzE1MGZjODI0NWQ5ODBkODRiZTA5ZjJjNDJiMjMxODhlYTcxZDk4MSJ9fX0=
Mr. Mime (#122),https://minecraft-heads.com/custom-heads/monsters/26295-mr-mime-122,1,eyJ0ZXh0dXJlcyI6eyJTS0lOIjp7InVybCI6Imh0dHA6Ly90ZXh0dXJlcy5taW5lY3JhZnQubmV0L3RleHR1cmUvYTg2ZmMwOWNhNGZmOTNlNTVmOWRiYzQ2MTlmMDhjMjM0OTQxNGE0YmE2MmFjNjkxYzhmMGJlYWRjMmVhYTVmMCJ9fX0=
Scyther (#123),https://minecraft.novaskin.me/skin/1376093309/Scyther,1,ewogICJ0aW1lc3RhbXAiIDogMTY0MjE3NDAzMjU5OCwKICAicHJvZmlsZUlkIiA6ICJjNjEwOTExMDhlOTQ0MWRhODQyZDA5MDVmMDAyOWVhOCIsCiAgInByb2ZpbGVOYW1lIiA6ICJkZVlvbm8iLAogICJzaWduYXR1cmVSZXF1aXJlZCIgOiB0cnVlLAogICJ0ZXh0dXJlcyIgOiB7CiAgICAiU0tJTiIgOiB7CiAgICAgICJ1cmwiIDogImh0dHA6Ly90ZXh0dXJlcy5taW5lY3JhZnQubmV0L3RleHR1cmUvMmViNzI5ZTlmNDU5ZDVjOTg4NzRhNzIwZWM4YzQxNWUxZmRiNzEwNWU5OWRkM2I1MmVlMmQyMTk0MDMwNDFiNiIKICAgIH0KICB9Cn0=
Jynx (#124),https://minecraft-heads.com/custom-heads/monsters/26293-jynx-124,1,eyJ0ZXh0dXJlcyI6eyJTS0lOIjp7InVybCI6Imh0dHA6Ly90ZXh0dXJlcy5taW5lY3JhZnQubmV0L3RleHR1cmUvNjdhM2VkMjIxMzQwZTg3NGVjMzQ3OTIyOGQwZTMyNjdjYTYyNzgwYzFiYTVmMGViMGU5MzM5MGUxM2Q1YWFkIn19fQ==
Electabuzz (#125),https://minecraft.novaskin.me/skin/1262103135/Electabuzz,1,ewogICJ0aW1lc3RhbXAiIDogMTY0MjE3NDIwNDQ2NSwKICAicHJvZmlsZUlkIiA6ICIzNDkxZjJiOTdjMDE0MWE2OTM2YjFjMjJhMmEwMGZiNyIsCiAgInByb2ZpbGVOYW1lIiA6ICJKZXNzc3N1aGgiLAogICJzaWduYXR1cmVSZXF1aXJlZCIgOiB0cnVlLAogICJ0ZXh0dXJlcyIgOiB7CiAgICAiU0tJTiIgOiB7CiAgICAgICJ1cmwiIDogImh0dHA6Ly90ZXh0dXJlcy5taW5lY3JhZnQubmV0L3RleHR1cmUvZDNmYjY4OGIzZjA1MjMzM2E3YTY5OGE1OTg1NjNmMWRiOWYyZGQwOTYyODliM2QzNjIxYjE0MzI4MGI4NjU2OCIKICAgIH0KICB9Cn0=
Magmar (#126),https://minecraft-heads.com/custom-heads/monsters/5671-magmar-126,1,eyJ0ZXh0dXJlcyI6eyJTS0lOIjp7InVybCI6Imh0dHA6Ly90ZXh0dXJlcy5taW5lY3JhZnQubmV0L3RleHR1cmUvYTY0NDY2MGU1NGNjMWZlMzE1YTk5Yjk0ZTE5OTExNWM1NGNkNzdjYmY3YzZhZWYyNDcwZGJlZjRmNjhmMzI3In19fQ==
Pinsir (#127),https://minecraft-heads.com/custom-heads/monsters/26315-pinsir-127,1,eyJ0ZXh0dXJlcyI6eyJTS0lOIjp7InVybCI6Imh0dHA6Ly90ZXh0dXJlcy5taW5lY3JhZnQubmV0L3RleHR1cmUvNGY1YTNjN2FkNGRmYWY2OGNiN2UyYmFjYmY5YzRhZTBlN2Q1MzM4MGI4ZDI3OWE3ZmNmYmFjNzA2ZmZmZjQ5NyJ9fX0=
Tauros (#128),https://minecraft-heads.com/custom-heads/monsters/26314-tauros-128,1,eyJ0ZXh0dXJlcyI6eyJTS0lOIjp7InVybCI6Imh0dHA6Ly90ZXh0dXJlcy5taW5lY3JhZnQubmV0L3RleHR1cmUvZTk1NTkxMGJkOWVmMDlkNGYwNWQwN2NhOWZjOGUzMDZlZTQwNjgwYjcxZTdkNzQ5MjFlZmE1ZTlhMmY0ZDJlMyJ9fX0=
Magikarp (#129),https://minecraft-heads.com/custom-heads/monsters/28498-magikarp-129,1,eyJ0ZXh0dXJlcyI6eyJTS0lOIjp7InVybCI6Imh0dHA6Ly90ZXh0dXJlcy5taW5lY3JhZnQubmV0L3RleHR1cmUvNmY2ZTQwZjU1NTFlNjcxMjQ2ZGE5M2FkZTUzMjljMDkyYWNhODFhMDI4NmQ4ZWE0ZDYzODE4YWViMGE0Njc2In19fQ==
Gyarados (#130),https://minecraft-heads.com/custom-heads/monsters/5722-gyarados-130,1,eyJ0ZXh0dXJlcyI6eyJTS0lOIjp7InVybCI6Imh0dHA6Ly90ZXh0dXJlcy5taW5lY3JhZnQubmV0L3RleHR1cmUvMWFiOTNhZjY2OGNiODNlMzc5ZTllZGJjZGM0NTMyZjEyOTRmOTBjYjEzZGU2YTU4MmVmYWI4NzY5NmMzNmRkIn19fQ==
Lapras (#131),https://www.minecraftskins.com/skin/3508094/lapras-slimjim/,1,ewogICJ0aW1lc3RhbXAiIDogMTY0MjE3NDU0NzgyMiwKICAicHJvZmlsZUlkIiA6ICJhYTZhNzUwNWVkYmU0NjNiYjk1NWYyMWY0MjNiYTM1NCIsCiAgInByb2ZpbGVOYW1lIiA6ICJub3RhbmR5d2FyaG9sIiwKICAic2lnbmF0dXJlUmVxdWlyZWQiIDogdHJ1ZSwKICAidGV4dHVyZXMiIDogewogICAgIlNLSU4iIDogewogICAgICAidXJsIiA6ICJodHRwOi8vdGV4dHVyZXMubWluZWNyYWZ0Lm5ldC90ZXh0dXJlLzVlZjI2MjBkZDM1NTQxMDg5NDk4NjEyMzFmMzMyNWRiYzczYTcxNGVkNTJmNDViOGI5ZTA5ODJjNmRjOTFhNmIiCiAgICB9CiAgfQp9
Ditto (#132),https://minecraft-heads.com/custom-heads/monsters/22411-ditto-132,1,eyJ0ZXh0dXJlcyI6eyJTS0lOIjp7InVybCI6Imh0dHA6Ly90ZXh0dXJlcy5taW5lY3JhZnQubmV0L3RleHR1cmUvODUzNGY1ZWY5NjkwNjE1N2FmNmI3MGY5Y2MwZjVhMTk5ZDZlZjI5ZTY2ZTdkMzg0ZTcyYTE0ODAyNzhlZGFmMyJ9fX0=
Eevee (#133),https://minecraft-heads.com/custom-heads/monsters/5713-eevee-133,1,eyJ0ZXh0dXJlcyI6eyJTS0lOIjp7InVybCI6Imh0dHA6Ly90ZXh0dXJlcy5taW5lY3JhZnQubmV0L3RleHR1cmUvYTA0NGU5ZDE5YmVmNDc5MzNhZmY0MmJjZTRiNDU4ZjQzMTMxNTA5MGQ2MTNmNTRiNmU3OTVkYTU5ZGI5ZDBkZSJ9fX0=
Vaporeon (#134),https://minecraft-heads.com/custom-heads/monsters/5715-vaporeon-134,1,eyJ0ZXh0dXJlcyI6eyJTS0lOIjp7InVybCI6Imh0dHA6Ly90ZXh0dXJlcy5taW5lY3JhZnQubmV0L3RleHR1cmUvNjFiNzllZTZiNjFjMTFlNmExMjliMTljNzdiZDMwN2E0ODJmZWM1YWIzNjNjNjZhYjFmMWU0MjY1ZDMyNzU5In19fQ==
Jolteon (#135),https://minecraft-heads.com/custom-heads/monsters/5714-jolteon-135,1,eyJ0ZXh0dXJlcyI6eyJTS0lOIjp7InVybCI6Imh0dHA6Ly90ZXh0dXJlcy5taW5lY3JhZnQubmV0L3RleHR1cmUvODBkOGM0ODUzMzI2ZjAzNWIwMTA1ZWQ2OTgwMWE5MDljYTBiNzJlMDgxZmFjMDQ3N2MxZmU1NDc3MDI0YTUifX19
Flareon (#136),https://minecraft-heads.com/custom-heads/monsters/5716-flareon-136,1,eyJ0ZXh0dXJlcyI6eyJTS0lOIjp7InVybCI6Imh0dHA6Ly90ZXh0dXJlcy5taW5lY3JhZnQubmV0L3RleHR1cmUvNTM2NTg3MmViZWE1ZWE5ZDE4MDQ5YWIxY2RiOGY1ODZmNDI5ZTc4NDYxMGEzN2ZiZmI2NmI2ZGM2MzcyIn19fQ==
Porygon (#137),https://minecraft.novaskin.me/skin/482053169/porygon,1,ewogICJ0aW1lc3RhbXAiIDogMTY0MjE3NDcxNjIzNCwKICAicHJvZmlsZUlkIiA6ICJiNzVjZDRmMThkZjg0MmNlYjJhY2MxNTU5MTNiMjA0YiIsCiAgInByb2ZpbGVOYW1lIiA6ICJLcmlzdGlqb25hczEzIiwKICAic2lnbmF0dXJlUmVxdWlyZWQiIDogdHJ1ZSwKICAidGV4dHVyZXMiIDogewogICAgIlNLSU4iIDogewogICAgICAidXJsIiA6ICJodHRwOi8vdGV4dHVyZXMubWluZWNyYWZ0Lm5ldC90ZXh0dXJlLzRkNzc1MmJkY2RkMTBlM2Y0ZDljYTBmOWI0YzI2ZWEyYmMxY2RmMTA2OGRhNDUyYTI2NmMzZTA5MWE1MGZhMjYiCiAgICB9CiAgfQp9
Omanyte (#138),https://minecraft-heads.com/custom-heads/animals/2457-omanyte-138,1,eyJ0ZXh0dXJlcyI6eyJTS0lOIjp7InVybCI6Imh0dHA6Ly90ZXh0dXJlcy5taW5lY3JhZnQubmV0L3RleHR1cmUvZTRjNjUzMTJmMmM1MzlmNjgyZDFkNWM0ODJjOWY0OTRjOWM5MWM1MzhjNWUyYjg4N2JkZmY4ZmNkOWMzZiJ9fX0=
Omastar (#139),https://minecraft-heads.com/custom-heads/animals/43567-omastar-139,1,eyJ0ZXh0dXJlcyI6eyJTS0lOIjp7InVybCI6Imh0dHA6Ly90ZXh0dXJlcy5taW5lY3JhZnQubmV0L3RleHR1cmUvZTcxNzhjNTE3NDVlOTBkMTY4NjA0ZDQ1ODA0ZTU0YmEzZWZlMjJlMzI5ZTFjOWJhZjkzNjg3MDUwNWExZTdmNyJ9fX0=
Kabuto (#140),https://www.minecraftskins.com/skin/9448777/kabuto/,1,eyJ0ZXh0dXJlcyI6eyJTS0lOIjp7InVybCI6Imh0dHA6Ly90ZXh0dXJlcy5taW5lY3JhZnQubmV0L3RleHR1cmUvODYyNzhhNDc2OWE5NGMxNDk1MGIzOTJkYzJmNmJmZjA0YWFhNmEwZDQ0OWJkNTk3NDQ5ZTMzM2E5ZmM5NzVkZCJ9fX0=
Kabutops (#141),https://minecraft-heads.com/custom-heads/monsters/12006-kabutops-141,1,eyJ0ZXh0dXJlcyI6eyJTS0lOIjp7InVybCI6Imh0dHA6Ly90ZXh0dXJlcy5taW5lY3JhZnQubmV0L3RleHR1cmUvN2JhYzg3OGRiZWNjYWI1MmQ3OWQxMWUyMjVlZjdjYmUyMThhODU3YjFmN2ZkYzE2MTdiNjY2YWMyNjM3ZCJ9fX0=
Aerodactyl (#142),https://minecraft-heads.com/custom-heads/monsters/26311-aerodactyl-142,1,ewogICJ0aW1lc3RhbXAiIDogMTY0MjE4NzQzNDk0NSwKICAicHJvZmlsZUlkIiA6ICIzNzNiZmY5NzQwMmY0N2IzOTViOTZlNzc3NmNmOGFhMiIsCiAgInByb2ZpbGVOYW1lIiA6ICJjdXRlcGluazczIiwKICAic2lnbmF0dXJlUmVxdWlyZWQiIDogdHJ1ZSwKICAidGV4dHVyZXMiIDogewogICAgIlNLSU4iIDogewogICAgICAidXJsIiA6ICJodHRwOi8vdGV4dHVyZXMubWluZWNyYWZ0Lm5ldC90ZXh0dXJlL2RiZDUzNDdjMGFlNTk5Y2ZlOTNjZmE1YzgzOGFkZGE0MjcyNmFmZWNiNDkxMTU0YTM3OGViMWI5MWUwNmVhMTEiCiAgICB9CiAgfQp9
Snorlax (#143),https://minecraft-heads.com/custom-heads/monsters/13832-snorlax-143,1,eyJ0ZXh0dXJlcyI6eyJTS0lOIjp7InVybCI6Imh0dHA6Ly90ZXh0dXJlcy5taW5lY3JhZnQubmV0L3RleHR1cmUvN2ExZjAyMWRiYjAzMzMyZDZmODdjOWM2YzdiMDE2ODQ5ZDU1NjdmNTlhM2VkMzQ5YzRlYjcxN2RmNWVjMSJ9fX0=
Articuno (#144),https://minecraft-heads.com/custom-heads/monsters/5723-articuno-144,1,eyJ0ZXh0dXJlcyI6eyJTS0lOIjp7InVybCI6Imh0dHA6Ly90ZXh0dXJlcy5taW5lY3JhZnQubmV0L3RleHR1cmUvYzRiZDg5ZGM5NTI4Y2UyZDljMjk3MjU0YzMyMDUwNjE5NTFlYjZiMmYwNjNhZTg0ZGFmY2Q0ZWY3OTc4In19fQ==
Zapdos (#145),https://minecraft-heads.com/custom-heads/monsters/35737-zapdos-145,1,eyJ0ZXh0dXJlcyI6eyJTS0lOIjp7InVybCI6Imh0dHA6Ly90ZXh0dXJlcy5taW5lY3JhZnQubmV0L3RleHR1cmUvN2M0NjFlOGY3OWMyNzk3ZmRhOTJmNzBlNmRlNzUwNzMyZWYwZjk5YjJlZWM4ZjZmNjg1ZTRiY2E4NTFjODFiMCJ9fX0=
Moltres (#146),https://minecraft-heads.com/custom-heads/monsters/17640-moltres-146,1,eyJ0ZXh0dXJlcyI6eyJTS0lOIjp7InVybCI6Imh0dHA6Ly90ZXh0dXJlcy5taW5lY3JhZnQubmV0L3RleHR1cmUvMmNmMDIyYTg5ZWYyMWZhZGEyNmQ5ZjY0OGUxNWNkZjQzZjJlZGI3NDk3MWY0NDIzY2ViNWFjNGEzNDNhNWYifX19
Dratini (#147),https://minecraft-heads.com/custom-heads/monsters/26310-dratini-147,1,eyJ0ZXh0dXJlcyI6eyJTS0lOIjp7InVybCI6Imh0dHA6Ly90ZXh0dXJlcy5taW5lY3JhZnQubmV0L3RleHR1cmUvMjc4NTExMzYzZGUwZDEyNTlmNWZmYmU4YTRmNzJhNzNkZWJkNTkxMzA0NzgzMjQ1MmU4MTQ3NDlhNmU2NzllZiJ9fX0=
Dragonair (#148),https://minecraft-heads.com/custom-heads/monsters/26308-dragonair-148,1,eyJ0ZXh0dXJlcyI6eyJTS0lOIjp7InVybCI6Imh0dHA6Ly90ZXh0dXJlcy5taW5lY3JhZnQubmV0L3RleHR1cmUvZGJjZDZmOGY0YTc5ODI2NTcyZGY5ZWJhMmIxYzE5NTVkMjhkNTE3YmZhMjA3ZGY1ZWUwYTg5MjJlYWQ1Y2NhYyJ9fX0=
Dragonite (#149),https://minecraft-heads.com/custom-heads/monsters/35736-dragonite-149,1,eyJ0ZXh0dXJlcyI6eyJTS0lOIjp7InVybCI6Imh0dHA6Ly90ZXh0dXJlcy5taW5lY3JhZnQubmV0L3RleHR1cmUvYzIxYmY3NzYzYmIxMDgxZGQ0NjJhZWI3NzM0YzI1NjdkYTZkODEzZTIzYzE2MDVmM2UzOTA3YzJjYWIyNmQ4NSJ9fX0=
Mewtwo (#150),https://minecraft-heads.com/custom-heads/monsters/29959-mewtwo-150,1,eyJ0ZXh0dXJlcyI6eyJTS0lOIjp7InVybCI6Imh0dHA6Ly90ZXh0dXJlcy5taW5lY3JhZnQubmV0L3RleHR1cmUvODRlMWE2YzYyYjI3Njg1NmNmYzZjMGQyMjM5YzI0M2RhNGVjNTc3MjY4YzVjMmZiZWNlZjA5YjI3Mzc0NzNmNiJ9fX0=
Mew (#151),https://minecraft-heads.com/custom-heads/monsters/14997-mew-151,1,eyJ0ZXh0dXJlcyI6eyJTS0lOIjp7InVybCI6Imh0dHA6Ly90ZXh0dXJlcy5taW5lY3JhZnQubmV0L3RleHR1cmUvYjk4YzVkZmZkMDU0ZmM3ZDFhODU2Y2M3NmQ1M2I4ZmM4MGUzZWE0Mzg5NzU2ZTkzNjI4OTkxMTk4OGZiNjVmIn19fQ==